ctime,schemaname,relname,seq_scan,seq_tup_read,idx_scan,idx_tup_fetch,n_tup_ins,n_tup_upd,n_tup_del,n_tup_hot_upd,n_live_tup,n_dead_tup,heap_blks_read,heap_blks_hit,idx_blks_read,idx_blks_hit,toast_blks_read,toast_blks_hit,tidx_blks_read,tidx_blks_hit
1416387734.88933,pg_catalog,pg_attrdef,0,0,0,0,0,0,0,0,0,0,0,0,0,0,0,0,0,0
1416387734.88933,pg_catalog,pg_db_role_setting,0,0,83212,0,0,0,0,0,0,0,0,0,253,82959,0,0,0,0
1416387734.88933,public,region,6418,32060,18,18,5,0,0,0,5,0,5,6427,10,15,,,,
1416387734.88933,pg_catalog,pg_rowsecurity,0,0,0,0,0,0,0,0,0,0,0,0,0,0,,,,
1416387734.88933,pg_catalog,pg_description,0,0,2743,0,0,0,0,0,0,0,0,0,754,5349,0,0,0,0
1416387734.88933,pg_catalog,pg_foreign_data_wrapper,0,0,0,0,0,0,0,0,0,0,0,0,0,0,,,,
1416387734.88933,pg_catalog,pg_conversion,0,0,0,0,0,0,0,0,0,0,0,0,0,0,,,,
1416387734.88933,pg_catalog,pg_class,6455,1398909,495159,452940,1094,338,1094,327,337,93,6286,521662,4454,1035546,,,,
1416387734.88933,pg_catalog,pg_opfamily,0,0,0,0,0,0,0,0,0,0,0,0,0,0,,,,
1416387734.88933,pg_catalog,pg_auth_members,0,0,0,0,0,0,0,0,0,0,0,0,0,0,,,,
1416387734.88933,pg_catalog,pg_operator,0,0,151772,796275,0,0,0,0,0,0,4233,550710,3732,329112,,,,
1416387734.88933,pg_toast,pg_toast_12345,0,0,0,0,0,0,0,0,0,0,0,0,0,0,,,,
1416387734.88933,pg_catalog,pg_attribute,1705,11625,405642,913210,3986,110,3986,110,2514,280,15616,449926,3696,847598,,,,
1416387734.88933,public,lineitem,18,840102813,4237144,96131376,60045669,0,60340,0,59985323,60340,17201138,26544592,1115351,17569832,,,,
1416387734.88933,pg_catalog,pg_tablespace,0,0,14130,14130,0,0,0,0,0,0,408,13722,848,27476,,,,
1416387734.88933,pg_catalog,pg_statistic,0,0,111372,107035,892,2480,895,2344,464,92,11240,103261,1301,238029,27003,108408,1162,123812
1416387734.88933,pg_catalog,pg_aggregate,0,0,10556,10556,0,0,0,0,0,0,782,9774,1773,16632,,,,
1416387734.88933,pg_catalog,pg_inherits,0,0,617,0,0,0,0,0,0,0,0,0,262,355,,,,
1416387734.88933,pg_catalog,pg_enum,0,0,0,0,0,0,0,0,0,0,0,0,0,0,,,,
1416387734.88933,pg_toast,pg_toast_2396,0,0,0,0,0,0,0,0,0,0,0,0,0,0,,,,
1416387734.88933,public,time_statistics,26,375,,,29,26,0,26,29,26,4,77,,,,,,
1416387734.88933,pg_catalog,pg_pltemplate,0,0,0,0,0,0,0,0,0,0,0,0,0,0,,,,
1416387734.88933,pg_toast,pg_toast_2618,0,0,2112,6744,0,0,0,0,0,0,1231,1356,363,3043,,,,
1416387734.88933,pg_toast,pg_toast_3596,0,0,0,0,0,0,0,0,0,0,0,0,0,0,,,,
1416387734.88933,pg_toast,pg_toast_2606,0,0,0,0,0,0,0,0,0,0,0,0,0,0,,,,
1416387734.88933,pg_toast,pg_toast_2964,0,0,0,0,0,0,0,0,0,0,0,0,0,0,,,,
1416387734.88933,pg_toast,pg_toast_12330,0,0,0,0,0,0,0,0,0,0,0,0,0,0,,,,
1416387734.88933,pg_catalog,pg_database,1573,6028,67761,67761,0,0,0,0,0,0,182,69152,1125,108198,,,,
1416387734.88933,information_schema,sql_sizing_profiles,0,0,,,0,0,0,0,0,0,0,0,,,0,0,0,0
1416387734.88933,pg_toast,pg_toast_2620,0,0,0,0,0,0,0,0,0,0,0,0,0,0,,,,
1416387734.88933,pg_catalog,pg_depend,0,0,25642,27572,4708,0,4708,0,6685,692,4611,33048,6481,66713,,,,
1416387734.88933,pg_catalog,pg_language,0,0,0,0,0,0,0,0,0,0,0,0,0,0,,,,
1416387734.88933,pg_toast,pg_toast_12320,0,0,0,0,0,0,0,0,0,0,0,0,0,0,,,,
1416387734.88933,pg_catalog,pg_amproc,310,620,86951,136906,0,0,0,0,0,0,428,85521,790,193350,,,,
1416387734.88933,public,part,10,16000000,78,2367670,2000000,0,0,0,2000000,0,199681,409565,7921,750,,,,
1416387734.88933,pg_catalog,pg_collation,0,0,0,0,0,0,0,0,0,0,0,0,0,0,,,,
1416387734.88933,public,customer,14,15000000,85,1472743,1500000,0,0,0,1500000,0,196675,704327,4462,236,,,,
1416387734.88933,public,nation,24,325,25721,25745,25,0,0,0,25,0,5,25731,12,25728,,,,
1416387734.88933,pg_catalog,pg_range,0,0,4742,0,0,0,0,0,0,0,0,0,1878,7606,,,,
1416387734.88933,pg_toast,pg_toast_2609,0,0,0,0,0,0,0,0,0,0,0,0,0,0,,,,
1416387734.88933,pg_catalog,pg_opclass,310,310,119639,1344807,0,0,0,0,0,0,950,533463,1905,146368,,,,
1416387734.88933,information_schema,sql_packages,0,0,,,0,0,0,0,0,0,0,0,,,0,0,0,0
1416387734.88933,public,partsupp,7,40000000,56191,2341188,8000000,0,0,0,8000000,0,856828,3039871,38635,136580,,,,
1416387734.88933,pg_catalog,pg_rewrite,0,0,4959,3945,338,0,338,0,110,8,2488,4370,1122,7342,1231,1356,726,6086
1416387734.88933,pg_toast,pg_toast_1255,0,0,0,0,0,0,0,0,0,0,0,0,0,0,,,,
1416387734.88933,pg_catalog,pg_seclabel,0,0,2743,0,0,0,0,0,0,0,0,0,246,2497,0,0,0,0
1416387734.88933,pg_toast,pg_toast_12335,0,0,0,0,0,0,0,0,0,0,0,0,0,0,,,,
1416387734.88933,pg_catalog,pg_ts_parser,0,0,0,0,0,0,0,0,0,0,0,0,0,0,,,,
1416387734.88933,pg_catalog,pg_trigger,0,0,0,0,0,0,0,0,0,0,0,0,0,0,0,0,0,0
1416387734.88933,pg_toast,pg_toast_12340,0,0,0,0,0,0,0,0,0,0,0,0,0,0,,,,
1416387734.88933,pg_catalog,pg_shseclabel,0,0,0,0,0,0,0,0,0,0,0,0,0,0,,,,
1416387734.88933,pg_catalog,pg_event_trigger,0,0,1035,0,0,0,0,0,0,0,0,0,282,753,,,,
1416387734.88933,information_schema,sql_features,0,0,,,0,0,0,0,0,0,0,0,,,0,0,0,0
1416387734.88933,information_schema,sql_languages,0,0,,,0,0,0,0,0,0,0,0,,,0,0,0,0
1416387734.88933,pg_catalog,pg_foreign_table,0,0,0,0,0,0,0,0,0,0,0,0,0,0,,,,
1416387734.88933,public,supplier,12,700000,3305125,3362166,100000,0,0,0,100000,0,11473,3326581,729,6627470,,,,
1416387734.88933,pg_catalog,pg_extension,0,0,0,0,0,0,0,0,0,0,0,0,0,0,,,,
1416387734.88933,pg_catalog,pg_ts_config,0,0,0,0,0,0,0,0,0,0,0,0,0,0,,,,
1416387734.88933,pg_catalog,pg_shdescription,0,0,0,0,0,0,0,0,0,0,0,0,0,0,0,0,0,0
1416387734.88933,pg_catalog,pg_cast,0,0,663198,157467,0,0,0,0,0,0,897,156570,553,681698,,,,
1416387734.88933,pg_catalog,pg_amop,0,0,177727,258674,0,0,0,0,0,0,1318,257356,2893,375993,,,,
1416387734.88933,public,orders,17,165105000,5183761,8320140,15015000,0,15000,0,15000000,15000,2169453,7298613,94510,15629239,,,,
1416387734.88933,pg_catalog,pg_user_mapping,0,0,0,0,0,0,0,0,0,0,0,0,0,0,,,,
1416387734.88933,pg_toast,pg_toast_12315,0,0,0,0,0,0,0,0,0,0,0,0,0,0,,,,
1416387734.88933,pg_catalog,pg_type,0,0,469873,465265,1223,0,1223,0,360,104,3119,467602,4564,965643,,,,
1416387734.88933,pg_catalog,pg_largeobject,0,0,0,0,0,0,0,0,0,0,0,0,0,0,,,,
1416387734.88933,information_schema,sql_parts,0,0,,,0,0,0,0,0,0,0,0,,,0,0,0,0
1416387734.88933,pg_catalog,pg_ts_config_map,0,0,0,0,0,0,0,0,0,0,0,0,0,0,,,,
1416387734.88933,pg_catalog,pg_largeobject_metadata,0,0,0,0,0,0,0,0,0,0,0,0,0,0,,,,
1416387734.88933,pg_catalog,pg_am,20715,20715,0,0,0,0,0,0,0,0,293,20422,0,0,,,,
1416387734.88933,pg_catalog,pg_ts_template,0,0,0,0,0,0,0,0,0,0,0,0,0,0,,,,
1416387734.88933,pg_catalog,pg_foreign_server,0,0,0,0,0,0,0,0,0,0,0,0,0,0,,,,
1416387734.88933,pg_catalog,pg_namespace,884,74952,112911,93287,2,0,0,0,2,0,476,94582,1350,132727,,,,
1416387734.88933,pg_toast,pg_toast_2619,0,0,82448,275361,3340,0,3102,0,261,14,27003,108408,1162,123812,,,,
1416387734.88933,pg_catalog,pg_authid,497,497,39498,39498,0,0,0,0,0,0,252,39743,1158,77838,,,,
1416387734.88933,pg_catalog,pg_default_acl,0,0,2468,0,0,0,0,0,0,0,0,0,259,2209,,,,
1416387734.88933,pg_catalog,pg_shdepend,0,0,3362,619,0,0,0,0,0,0,282,337,1072,3524,,,,
1416387734.88933,pg_catalog,pg_constraint,0,0,176,88,88,0,88,0,10,48,48,494,88,884,0,0,0,0
1416387734.88933,information_schema,sql_implementation_info,0,0,,,0,0,0,0,0,0,0,0,,,0,0,0,0
1416387734.88933,pg_catalog,pg_index,3106,284800,221922,315027,477,0,477,0,143,73,2683,318816,1463,254049,,,,
1416387734.88933,pg_catalog,pg_ts_dict,0,0,0,0,0,0,0,0,0,0,0,0,0,0,,,,
1416387734.88933,pg_toast,pg_toast_2604,0,0,0,0,0,0,0,0,0,0,0,0,0,0,,,,
1416387734.88933,pg_toast,pg_toast_12325,0,0,0,0,0,0,0,0,0,0,0,0,0,0,,,,
1416387734.88933,information_schema,sql_sizing,0,0,,,0,0,0,0,0,0,0,0,,,0,0,0,0
1416387734.88933,pg_catalog,pg_proc,0,0,175679,260152,0,0,0,0,0,0,15040,175021,7295,381634,0,0,0,0
1416387794.89224,pg_catalog,pg_attrdef,0,0,0,0,0,0,0,0,0,0,0,0,0,0,0,0,0,0
1416387794.89224,pg_catalog,pg_db_role_setting,0,0,84640,0,0,0,0,0,0,0,0,0,255,84385,0,0,0,0
1416387794.89224,public,region,12787,63705,108,108,5,0,0,0,5,0,7,12844,14,135,,,,
1416387794.89224,pg_catalog,pg_rowsecurity,0,0,0,0,0,0,0,0,0,0,0,0,0,0,,,,
1416387794.89224,pg_catalog,pg_description,0,0,2795,0,0,0,0,0,0,0,0,0,764,5456,0,0,0,0
1416387794.89224,pg_catalog,pg_foreign_data_wrapper,0,0,0,0,0,0,0,0,0,0,0,0,0,0,,,,
1416387794.89224,pg_catalog,pg_conversion,0,0,0,0,0,0,0,0,0,0,0,0,0,0,,,,
1416387794.89224,pg_catalog,pg_class,6475,1401633,504709,461563,1108,350,1108,339,337,119,6316,530505,4478,1055390,,,,
1416387794.89224,pg_catalog,pg_opfamily,0,0,0,0,0,0,0,0,0,0,0,0,0,0,,,,
1416387794.89224,pg_catalog,pg_auth_members,0,0,0,0,0,0,0,0,0,0,0,0,0,0,,,,
1416387794.89224,pg_catalog,pg_operator,0,0,156212,814755,0,0,0,0,0,0,4256,564091,3748,338576,,,,
1416387794.89224,pg_toast,pg_toast_12345,0,0,0,0,0,0,0,0,0,0,0,0,0,0,,,,
1416387794.89224,pg_catalog,pg_attribute,1716,11700,414388,933362,4018,110,4018,110,2514,312,15700,459391,3717,865582,,,,
1416387794.89224,public,lineitem,62,1080164677,10167015,289799409,60105943,0,120391,0,59985546,120391,23942065,45320578,2186755,42192223,,,,
1416387794.89224,pg_catalog,pg_tablespace,0,0,14415,14415,0,0,0,0,0,0,410,14005,853,28043,,,,
1416387794.89224,pg_catalog,pg_statistic,0,0,114370,109986,896,2510,896,2374,467,112,11285,106210,1306,244307,27177,111807,1166,129028
1416387794.89224,pg_catalog,pg_aggregate,0,0,10887,10887,0,0,0,0,0,0,785,10102,1780,17201,,,,
1416387794.89224,pg_catalog,pg_inherits,0,0,630,0,0,0,0,0,0,0,0,0,266,364,,,,
1416387794.89224,pg_catalog,pg_enum,0,0,0,0,0,0,0,0,0,0,0,0,0,0,,,,
1416387794.89224,pg_toast,pg_toast_2396,0,0,0,0,0,0,0,0,0,0,0,0,0,0,,,,
1416387794.89224,public,time_statistics,56,2276,,,79,56,0,56,79,30,5,187,,,,,,
1416387794.89224,pg_catalog,pg_pltemplate,0,0,0,0,0,0,0,0,0,0,0,0,0,0,,,,
1416387794.89224,pg_toast,pg_toast_2618,0,0,2116,6758,0,0,0,0,0,0,1235,1357,363,3049,,,,
1416387794.89224,pg_toast,pg_toast_3596,0,0,0,0,0,0,0,0,0,0,0,0,0,0,,,,
1416387794.89224,pg_toast,pg_toast_2606,0,0,0,0,0,0,0,0,0,0,0,0,0,0,,,,
1416387794.89224,pg_toast,pg_toast_2964,0,0,0,0,0,0,0,0,0,0,0,0,0,0,,,,
1416387794.89224,pg_toast,pg_toast_12330,0,0,0,0,0,0,0,0,0,0,0,0,0,0,,,,
1416387794.89224,pg_catalog,pg_database,1577,6038,68843,68843,0,0,0,0,0,0,183,70237,1133,109985,,,,
1416387794.89224,information_schema,sql_sizing_profiles,0,0,,,0,0,0,0,0,0,0,0,,,0,0,0,0
1416387794.89224,pg_toast,pg_toast_2620,0,0,0,0,0,0,0,0,0,0,0,0,0,0,,,,
1416387794.89224,pg_catalog,pg_depend,0,0,26201,28220,4820,0,4820,0,6685,804,4667,33776,6565,68235,,,,
1416387794.89224,pg_catalog,pg_language,0,0,0,0,0,0,0,0,0,0,0,0,0,0,,,,
1416387794.89224,pg_toast,pg_toast_12320,0,0,0,0,0,0,0,0,0,0,0,0,0,0,,,,
1416387794.89224,pg_catalog,pg_amproc,312,624,88894,140036,0,0,0,0,0,0,431,87457,793,197570,,,,
1416387794.89224,public,part,31,18000000,409,4763001,2000000,0,0,0,2000000,0,374043,421761,17192,3157,,,,
1416387794.89224,pg_catalog,pg_collation,0,0,0,0,0,0,0,0,0,0,0,0,0,0,,,,
1416387794.89224,public,customer,58,21000000,416,2975123,1500000,0,0,0,1500000,0,303673,1355415,8951,1616,,,,
1416387794.89224,public,nation,145,600,51479,51551,25,0,0,0,25,0,8,51497,19,51579,,,,
1416387794.89224,pg_catalog,pg_range,0,0,4784,0,0,0,0,0,0,0,0,0,1886,7682,,,,
1416387794.89224,pg_toast,pg_toast_2609,0,0,0,0,0,0,0,0,0,0,0,0,0,0,,,,
1416387794.89224,pg_catalog,pg_opclass,312,312,122812,1383328,0,0,0,0,0,0,953,548771,1911,150085,,,,
1416387794.89224,information_schema,sql_packages,0,0,,,0,0,0,0,0,0,0,0,,,0,0,0,0
1416387794.89224,public,partsupp,28,48000000,104863,4057754,8000000,0,0,0,8000000,0,1209430,4493644,72097,254336,,,,
1416387794.89224,pg_catalog,pg_rewrite,0,0,5036,3986,350,0,350,0,110,20,2517,4463,1136,7456,1235,1357,726,6098
1416387794.89224,pg_toast,pg_toast_1255,0,0,0,0,0,0,0,0,0,0,0,0,0,0,,,,
1416387794.89224,pg_catalog,pg_seclabel,0,0,2795,0,0,0,0,0,0,0,0,0,249,2546,0,0,0,0
1416387794.89224,pg_toast,pg_toast_12335,0,0,0,0,0,0,0,0,0,0,0,0,0,0,,,,
1416387794.89224,pg_catalog,pg_ts_parser,0,0,0,0,0,0,0,0,0,0,0,0,0,0,,,,
1416387794.89224,pg_catalog,pg_trigger,0,0,0,0,0,0,0,0,0,0,0,0,0,0,0,0,0,0
1416387794.89224,pg_toast,pg_toast_12340,0,0,0,0,0,0,0,0,0,0,0,0,0,0,,,,
1416387794.89224,pg_catalog,pg_shseclabel,0,0,0,0,0,0,0,0,0,0,0,0,0,0,,,,
1416387794.89224,pg_catalog,pg_event_trigger,0,0,1048,0,0,0,0,0,0,0,0,0,286,762,,,,
1416387794.89224,information_schema,sql_features,0,0,,,0,0,0,0,0,0,0,0,,,0,0,0,0
1416387794.89224,information_schema,sql_languages,0,0,,,0,0,0,0,0,0,0,0,,,0,0,0,0
1416387794.89224,pg_catalog,pg_foreign_table,0,0,0,0,0,0,0,0,0,0,0,0,0,0,,,,
1416387794.89224,public,supplier,45,1000000,3379444,3520412,100000,0,0,0,100000,0,15926,3412097,1352,6776468,,,,
1416387794.89224,pg_catalog,pg_extension,0,0,0,0,0,0,0,0,0,0,0,0,0,0,,,,
1416387794.89224,pg_catalog,pg_ts_config,0,0,0,0,0,0,0,0,0,0,0,0,0,0,,,,
1416387794.89224,pg_catalog,pg_shdescription,0,0,0,0,0,0,0,0,0,0,0,0,0,0,0,0,0,0
1416387794.89224,pg_catalog,pg_cast,0,0,677652,161295,0,0,0,0,0,0,899,160396,555,696479,,,,
1416387794.89224,pg_catalog,pg_amop,0,0,182869,265888,0,0,0,0,0,0,1324,264564,2905,386791,,,,
1416387794.89224,public,orders,81,225135000,10524364,19367078,15030000,0,30000,0,15000000,30000,3116469,13357911,203945,31722244,,,,
1416387794.89224,pg_catalog,pg_user_mapping,0,0,0,0,0,0,0,0,0,0,0,0,0,0,,,,
1416387794.89224,pg_toast,pg_toast_12315,0,0,0,0,0,0,0,0,0,0,0,0,0,0,,,,
1416387794.89224,pg_catalog,pg_type,0,0,478149,473431,1249,0,1249,0,360,6,3156,475885,4588,982782,,,,
1416387794.89224,pg_catalog,pg_largeobject,0,0,0,0,0,0,0,0,0,0,0,0,0,0,,,,
1416387794.89224,information_schema,sql_parts,0,0,,,0,0,0,0,0,0,0,0,,,0,0,0,0
1416387794.89224,pg_catalog,pg_ts_config_map,0,0,0,0,0,0,0,0,0,0,0,0,0,0,,,,
1416387794.89224,pg_catalog,pg_largeobject_metadata,0,0,0,0,0,0,0,0,0,0,0,0,0,0,,,,
1416387794.89224,pg_catalog,pg_am,21053,21053,0,0,0,0,0,0,0,0,294,20759,0,0,,,,
1416387794.89224,pg_catalog,pg_ts_template,0,0,0,0,0,0,0,0,0,0,0,0,0,0,,,,
1416387794.89224,pg_catalog,pg_foreign_server,0,0,0,0,0,0,0,0,0,0,0,0,0,0,,,,
1416387794.89224,pg_catalog,pg_namespace,886,75124,113945,93991,2,0,0,0,2,0,477,95289,1359,134097,,,,
1416387794.89224,pg_toast,pg_toast_2619,0,0,84930,283974,3344,0,3106,0,261,18,27177,111807,1166,129028,,,,
1416387794.89224,pg_catalog,pg_authid,500,500,40209,40209,0,0,0,0,0,0,254,40455,1166,79252,,,,
1416387794.89224,pg_catalog,pg_default_acl,0,0,2520,0,0,0,0,0,0,0,0,0,262,2258,,,,
1416387794.89224,pg_catalog,pg_shdepend,0,0,3427,632,0,0,0,0,0,0,286,346,1087,3600,,,,
1416387794.89224,pg_catalog,pg_constraint,0,0,176,88,88,0,88,0,10,48,48,494,88,884,0,0,0,0
1416387794.89224,information_schema,sql_implementation_info,0,0,,,0,0,0,0,0,0,0,0,,,0,0,0,0
1416387794.89224,pg_catalog,pg_index,3118,285522,227485,323287,478,0,478,0,143,74,2693,327044,1468,260196,,,,
1416387794.89224,pg_catalog,pg_ts_dict,0,0,0,0,0,0,0,0,0,0,0,0,0,0,,,,
1416387794.89224,pg_toast,pg_toast_2604,0,0,0,0,0,0,0,0,0,0,0,0,0,0,,,,
1416387794.89224,pg_toast,pg_toast_12325,0,0,0,0,0,0,0,0,0,0,0,0,0,0,,,,
1416387794.89224,information_schema,sql_sizing,0,0,,,0,0,0,0,0,0,0,0,,,0,0,0,0
1416387794.89224,pg_catalog,pg_proc,0,0,179562,266343,0,0,0,0,0,0,15105,179043,7326,390027,0,0,0,0
1416387854.89598,pg_catalog,pg_attrdef,0,0,0,0,0,0,0,0,0,0,0,0,0,0,0,0,0,0
1416387854.89598,pg_catalog,pg_db_role_setting,0,0,85052,0,0,0,0,0,0,0,0,0,255,84797,0,0,0,0
1416387854.89598,public,region,19308,96305,116,116,5,0,0,0,5,0,9,19370,20,140,,,,
1416387854.89598,pg_catalog,pg_rowsecurity,0,0,0,0,0,0,0,0,0,0,0,0,0,0,,,,
1416387854.89598,pg_catalog,pg_description,0,0,2811,0,0,0,0,0,0,0,0,0,776,5480,0,0,0,0
1416387854.89598,pg_catalog,pg_foreign_data_wrapper,0,0,0,0,0,0,0,0,0,0,0,0,0,0,,,,
1416387854.89598,pg_catalog,pg_conversion,0,0,0,0,0,0,0,0,0,0,0,0,0,0,,,,
1416387854.89598,pg_catalog,pg_class,6498,1404696,506539,463228,1113,353,1113,342,341,14,6347,532400,4509,1059278,,,,
1416387854.89598,pg_catalog,pg_opfamily,0,0,0,0,0,0,0,0,0,0,0,0,0,0,,,,
1416387854.89598,pg_catalog,pg_auth_members,0,0,0,0,0,0,0,0,0,0,0,0,0,0,,,,
1416387854.89598,pg_catalog,pg_operator,0,0,156840,819247,0,0,0,0,0,0,4271,567123,3765,339954,,,,
1416387854.89598,pg_toast,pg_toast_12345,0,0,0,0,0,0,0,0,0,0,0,0,0,0,,,,
1416387854.89598,pg_catalog,pg_attribute,1727,11775,415884,936918,4032,110,4032,110,2514,324,15791,461130,3740,868719,,,,
1416387854.89598,public,lineitem,68,1440317746,14739450,394563737,60225420,0,180117,0,60045297,180117,31150260,61691656,3468243,62367963,,,,
1416387854.89598,pg_catalog,pg_tablespace,0,0,14481,14481,0,0,0,0,0,0,412,14069,857,28171,,,,
1416387854.89598,pg_catalog,pg_statistic,0,0,114769,110375,897,2513,897,2377,467,116,11324,106568,1310,245170,27298,112066,1172,129588
1416387854.89598,pg_catalog,pg_aggregate,0,0,10926,10926,0,0,0,0,0,0,787,10139,1787,17262,,,,
1416387854.89598,pg_catalog,pg_inherits,0,0,634,0,0,0,0,0,0,0,0,0,270,364,,,,
1416387854.89598,pg_catalog,pg_enum,0,0,0,0,0,0,0,0,0,0,0,0,0,0,,,,
1416387854.89598,pg_toast,pg_toast_2396,0,0,0,0,0,0,0,0,0,0,0,0,0,0,,,,
1416387854.89598,public,time_statistics,88,5299,,,111,88,0,84,111,42,15,328,,,,,,
1416387854.89598,pg_catalog,pg_pltemplate,0,0,0,0,0,0,0,0,0,0,0,0,0,0,,,,
1416387854.89598,pg_toast,pg_toast_2618,0,0,2121,6774,0,0,0,0,0,0,1240,1358,365,3055,,,,
1416387854.89598,pg_toast,pg_toast_3596,0,0,0,0,0,0,0,0,0,0,0,0,0,0,,,,
1416387854.89598,pg_toast,pg_toast_2606,0,0,0,0,0,0,0,0,0,0,0,0,0,0,,,,
1416387854.89598,pg_toast,pg_toast_2964,0,0,0,0,0,0,0,0,0,0,0,0,0,0,,,,
1416387854.89598,pg_toast,pg_toast_12330,0,0,0,0,0,0,0,0,0,0,0,0,0,0,,,,
1416387854.89598,pg_catalog,pg_database,1580,6050,69170,69170,0,0,0,0,0,0,183,70567,1137,110514,,,,
1416387854.89598,information_schema,sql_sizing_profiles,0,0,,,0,0,0,0,0,0,0,0,,,0,0,0,0
1416387854.89598,pg_toast,pg_toast_2620,0,0,0,0,0,0,0,0,0,0,0,0,0,0,,,,
1416387854.89598,pg_catalog,pg_depend,0,0,26364,28400,4851,0,4851,0,6685,835,4716,33949,6643,68615,,,,
1416387854.89598,pg_catalog,pg_language,0,0,0,0,0,0,0,0,0,0,0,0,0,0,,,,
1416387854.89598,pg_toast,pg_toast_12320,0,0,0,0,0,0,0,0,0,0,0,0,0,0,,,,
1416387854.89598,pg_catalog,pg_amproc,314,628,89244,140594,0,0,0,0,0,0,433,87801,794,198371,,,,
1416387854.89598,public,part,32,20000000,481,7153245,2000000,0,0,0,2000000,0,532896,444824,27046,5452,,,,
1416387854.89598,pg_catalog,pg_collation,0,0,0,0,0,0,0,0,0,0,0,0,0,0,,,,
1416387854.89598,public,customer,62,27000000,458,4174508,1500000,0,0,0,1500000,0,444776,1716721,12954,1716,,,,
1416387854.89598,public,nation,156,875,77587,77659,25,0,0,0,25,0,10,77614,26,77687,,,,
1416387854.89598,pg_catalog,pg_range,0,0,4818,0,0,0,0,0,0,0,0,0,1892,7744,,,,
1416387854.89598,pg_toast,pg_toast_2609,0,0,0,0,0,0,0,0,0,0,0,0,0,0,,,,
1416387854.89598,pg_catalog,pg_opclass,314,314,123220,1386915,0,0,0,0,0,0,954,550256,1921,150610,,,,
1416387854.89598,information_schema,sql_packages,0,0,,,0,0,0,0,0,0,0,0,,,0,0,0,0
1416387854.89598,public,partsupp,29,56000000,153244,5773732,8000000,0,0,0,8000000,0,1593478,5914828,106142,370409,,,,
1416387854.89598,pg_catalog,pg_rewrite,0,0,5061,4002,353,0,353,0,110,23,2536,4480,1151,7483,1240,1358,730,6110
1416387854.89598,pg_toast,pg_toast_1255,0,0,0,0,0,0,0,0,0,0,0,0,0,0,,,,
1416387854.89598,pg_catalog,pg_seclabel,0,0,2811,0,0,0,0,0,0,0,0,0,253,2558,0,0,0,0
1416387854.89598,pg_toast,pg_toast_12335,0,0,0,0,0,0,0,0,0,0,0,0,0,0,,,,
1416387854.89598,pg_catalog,pg_ts_parser,0,0,0,0,0,0,0,0,0,0,0,0,0,0,,,,
1416387854.89598,pg_catalog,pg_trigger,0,0,0,0,0,0,0,0,0,0,0,0,0,0,0,0,0,0
1416387854.89598,pg_toast,pg_toast_12340,0,0,0,0,0,0,0,0,0,0,0,0,0,0,,,,
1416387854.89598,pg_catalog,pg_shseclabel,0,0,0,0,0,0,0,0,0,0,0,0,0,0,,,,
1416387854.89598,pg_catalog,pg_event_trigger,0,0,1052,0,0,0,0,0,0,0,0,0,290,762,,,,
1416387854.89598,information_schema,sql_features,0,0,,,0,0,0,0,0,0,0,0,,,0,0,0,0
1416387854.89598,information_schema,sql_languages,0,0,,,0,0,0,0,0,0,0,0,,,0,0,0,0
1416387854.89598,pg_catalog,pg_foreign_table,0,0,0,0,0,0,0,0,0,0,0,0,0,0,,,,
1416387854.89598,public,supplier,49,1300000,3454533,3727410,100000,0,0,0,100000,0,19057,3497375,1672,6927120,,,,
1416387854.89598,pg_catalog,pg_extension,0,0,0,0,0,0,0,0,0,0,0,0,0,0,,,,
1416387854.89598,pg_catalog,pg_ts_config,0,0,0,0,0,0,0,0,0,0,0,0,0,0,,,,
1416387854.89598,pg_catalog,pg_shdescription,0,0,0,0,0,0,0,0,0,0,0,0,0,0,0,0,0,0
1416387854.89598,pg_catalog,pg_cast,0,0,680669,161954,0,0,0,0,0,0,902,161052,556,699594,,,,
1416387854.89598,pg_catalog,pg_amop,0,0,183451,266803,0,0,0,0,0,0,1328,265475,2918,388042,,,,
1416387854.89598,public,orders,89,345210000,12869469,21723552,15060000,0,45000,0,15015000,45000,4128971,16404005,254904,38990426,,,,
1416387854.89598,pg_catalog,pg_user_mapping,0,0,0,0,0,0,0,0,0,0,0,0,0,0,,,,
1416387854.89598,pg_toast,pg_toast_12315,0,0,0,0,0,0,0,0,0,0,0,0,0,0,,,,
1416387854.89598,pg_catalog,pg_type,0,0,480700,475957,1257,0,1257,0,360,14,3180,478416,4611,988017,,,,
1416387854.89598,pg_catalog,pg_largeobject,0,0,0,0,0,0,0,0,0,0,0,0,0,0,,,,
1416387854.89598,information_schema,sql_parts,0,0,,,0,0,0,0,0,0,0,0,,,0,0,0,0
1416387854.89598,pg_catalog,pg_ts_config_map,0,0,0,0,0,0,0,0,0,0,0,0,0,0,,,,
1416387854.89598,pg_catalog,pg_largeobject_metadata,0,0,0,0,0,0,0,0,0,0,0,0,0,0,,,,
1416387854.89598,pg_catalog,pg_am,21156,21156,0,0,0,0,0,0,0,0,295,20861,0,0,,,,
1416387854.89598,pg_catalog,pg_ts_template,0,0,0,0,0,0,0,0,0,0,0,0,0,0,,,,
1416387854.89598,pg_catalog,pg_foreign_server,0,0,0,0,0,0,0,0,0,0,0,0,0,0,,,,
1416387854.89598,pg_catalog,pg_namespace,888,75296,114383,94328,2,0,0,0,2,0,479,95628,1369,134632,,,,
1416387854.89598,pg_toast,pg_toast_2619,0,0,85195,284866,3346,0,3108,0,261,20,27298,112066,1172,129588,,,,
1416387854.89598,pg_catalog,pg_authid,501,501,40412,40412,0,0,0,0,0,0,255,40658,1170,79654,,,,
1416387854.89598,pg_catalog,pg_default_acl,0,0,2536,0,0,0,0,0,0,0,0,0,265,2271,,,,
1416387854.89598,pg_catalog,pg_shdepend,0,0,3447,636,0,0,0,0,0,0,290,346,1103,3612,,,,
1416387854.89598,pg_catalog,pg_constraint,0,0,176,88,88,0,88,0,10,48,48,494,88,884,0,0,0,0
1416387854.89598,information_schema,sql_implementation_info,0,0,,,0,0,0,0,0,0,0,0,,,0,0,0,0
1416387854.89598,pg_catalog,pg_index,3130,286244,228322,324487,479,0,479,0,143,75,2704,328253,1474,261168,,,,
1416387854.89598,pg_catalog,pg_ts_dict,0,0,0,0,0,0,0,0,0,0,0,0,0,0,,,,
1416387854.89598,pg_toast,pg_toast_2604,0,0,0,0,0,0,0,0,0,0,0,0,0,0,,,,
1416387854.89598,pg_toast,pg_toast_12325,0,0,0,0,0,0,0,0,0,0,0,0,0,0,,,,
1416387854.89598,information_schema,sql_sizing,0,0,,,0,0,0,0,0,0,0,0,,,0,0,0,0
1416387854.89598,pg_catalog,pg_proc,0,0,180325,267439,0,0,0,0,0,0,15182,179770,7365,391713,0,0,0,0
1416387914.898,pg_catalog,pg_attrdef,0,0,0,0,0,0,0,0,0,0,0,0,0,0,0,0,0,0
1416387914.898,pg_catalog,pg_db_role_setting,0,0,85356,0,0,0,0,0,0,0,0,0,257,85099,0,0,0,0
1416387914.898,public,region,25835,128935,126,126,5,0,0,0,5,0,11,25904,26,148,,,,
1416387914.898,pg_catalog,pg_rowsecurity,0,0,0,0,0,0,0,0,0,0,0,0,0,0,,,,
1416387914.898,pg_catalog,pg_description,0,0,2815,0,0,0,0,0,0,0,0,0,779,5486,0,0,0,0
1416387914.898,pg_catalog,pg_foreign_data_wrapper,0,0,0,0,0,0,0,0,0,0,0,0,0,0,,,,
1416387914.898,pg_catalog,pg_conversion,0,0,0,0,0,0,0,0,0,0,0,0,0,0,,,,
1416387914.898,pg_catalog,pg_class,6508,1407746,507953,464373,1115,353,1115,342,341,16,6395,533639,4543,1062245,,,,
1416387914.898,pg_catalog,pg_opfamily,0,0,0,0,0,0,0,0,0,0,0,0,0,0,,,,
1416387914.898,pg_catalog,pg_auth_members,0,0,0,0,0,0,0,0,0,0,0,0,0,0,,,,
1416387914.898,pg_catalog,pg_operator,0,0,157274,822192,0,0,0,0,0,0,4322,569070,3803,340892,,,,
1416387914.898,pg_toast,pg_toast_12345,0,0,0,0,0,0,0,0,0,0,0,0,0,0,,,,
1416387914.898,pg_catalog,pg_attribute,1727,11775,417005,939426,4040,110,4040,110,2514,331,15908,462252,3766,871052,,,,
1416387914.898,public,lineitem,74,1800350838,19960214,473665251,60285860,0,239639,0,60046215,239639,38615626,84430914,4670555,83758403,,,,
1416387914.898,pg_catalog,pg_tablespace,0,0,14530,14530,0,0,0,0,0,0,417,14113,867,28259,,,,
1416387914.898,pg_catalog,pg_statistic,0,0,115090,110689,898,2516,898,2379,467,115,11401,106820,1321,245857,27452,112213,1189,130034
1416387914.898,pg_catalog,pg_aggregate,0,0,10957,10957,0,0,0,0,0,0,796,10161,1806,17296,,,,
1416387914.898,pg_catalog,pg_inherits,0,0,635,0,0,0,0,0,0,0,0,0,271,364,,,,
1416387914.898,pg_catalog,pg_enum,0,0,0,0,0,0,0,0,0,0,0,0,0,0,,,,
1416387914.898,pg_toast,pg_toast_2396,0,0,0,0,0,0,0,0,0,0,0,0,0,0,,,,
1416387914.898,public,time_statistics,112,8238,,,135,112,0,108,135,42,44,421,,,,,,
1416387914.898,pg_catalog,pg_pltemplate,0,0,0,0,0,0,0,0,0,0,0,0,0,0,,,,
1416387914.898,pg_toast,pg_toast_2618,0,0,2126,6790,0,0,0,0,0,0,1245,1359,367,3061,,,,
1416387914.898,pg_toast,pg_toast_3596,0,0,0,0,0,0,0,0,0,0,0,0,0,0,,,,
1416387914.898,pg_toast,pg_toast_2606,0,0,0,0,0,0,0,0,0,0,0,0,0,0,,,,
1416387914.898,pg_toast,pg_toast_2964,0,0,0,0,0,0,0,0,0,0,0,0,0,0,,,,
1416387914.898,pg_toast,pg_toast_12330,0,0,0,0,0,0,0,0,0,0,0,0,0,0,,,,
1416387914.898,pg_catalog,pg_database,1583,6062,69416,69416,0,0,0,0,0,0,185,70814,1145,110904,,,,
1416387914.898,information_schema,sql_sizing_profiles,0,0,,,0,0,0,0,0,0,0,0,,,0,0,0,0
1416387914.898,pg_toast,pg_toast_2620,0,0,0,0,0,0,0,0,0,0,0,0,0,0,,,,
1416387914.898,pg_catalog,pg_depend,0,0,26395,28424,4855,0,4855,0,6685,839,4726,33975,6665,68673,,,,
1416387914.898,pg_catalog,pg_language,0,0,0,0,0,0,0,0,0,0,0,0,0,0,,,,
1416387914.898,pg_toast,pg_toast_12320,0,0,0,0,0,0,0,0,0,0,0,0,0,0,,,,
1416387914.898,pg_catalog,pg_amproc,314,628,89524,141026,0,0,0,0,0,0,435,88069,800,199003,,,,
1416387914.898,public,part,34,24000000,510,9192401,2000000,0,0,0,2000000,0,641068,491129,32843,5505,,,,
1416387914.898,pg_catalog,pg_collation,0,0,0,0,0,0,0,0,0,0,0,0,0,0,,,,
1416387914.898,public,customer,65,31500000,529,6221159,1500000,0,0,0,1500000,0,692757,2151281,18680,1838,,,,
1416387914.898,public,nation,166,1125,103725,103845,25,0,0,0,25,0,14,103758,38,103822,,,,
1416387914.898,pg_catalog,pg_range,0,0,4843,0,0,0,0,0,0,0,0,0,1916,7770,,,,
1416387914.898,pg_toast,pg_toast_2609,0,0,0,0,0,0,0,0,0,0,0,0,0,0,,,,
1416387914.898,pg_catalog,pg_opclass,314,314,123544,1390089,0,0,0,0,0,0,962,551540,1939,151016,,,,
1416387914.898,information_schema,sql_packages,0,0,,,0,0,0,0,0,0,0,0,,,0,0,0,0
1416387914.898,public,partsupp,30,64000000,209492,8120904,8000000,0,0,0,8000000,0,2081128,7863812,146338,505571,,,,
1416387914.898,pg_catalog,pg_rewrite,0,0,5068,4009,353,0,353,0,110,23,2541,4482,1153,7493,1245,1359,734,6122
1416387914.898,pg_toast,pg_toast_1255,0,0,0,0,0,0,0,0,0,0,0,0,0,0,,,,
1416387914.898,pg_catalog,pg_seclabel,0,0,2815,0,0,0,0,0,0,0,0,0,254,2561,0,0,0,0
1416387914.898,pg_toast,pg_toast_12335,0,0,0,0,0,0,0,0,0,0,0,0,0,0,,,,
1416387914.898,pg_catalog,pg_ts_parser,0,0,0,0,0,0,0,0,0,0,0,0,0,0,,,,
1416387914.898,pg_catalog,pg_trigger,0,0,0,0,0,0,0,0,0,0,0,0,0,0,0,0,0,0
1416387914.898,pg_toast,pg_toast_12340,0,0,0,0,0,0,0,0,0,0,0,0,0,0,,,,
1416387914.898,pg_catalog,pg_shseclabel,0,0,0,0,0,0,0,0,0,0,0,0,0,0,,,,
1416387914.898,pg_catalog,pg_event_trigger,0,0,1053,0,0,0,0,0,0,0,0,0,291,762,,,,
1416387914.898,information_schema,sql_features,0,0,,,0,0,0,0,0,0,0,0,,,0,0,0,0
1416387914.898,information_schema,sql_languages,0,0,,,0,0,0,0,0,0,0,0,,,0,0,0,0
1416387914.898,pg_catalog,pg_foreign_table,0,0,0,0,0,0,0,0,0,0,0,0,0,0,,,,
1416387914.898,public,supplier,54,1700000,6760376,7049405,100000,0,0,0,100000,0,19330,6819026,1745,13556887,,,,
1416387914.898,pg_catalog,pg_extension,0,0,0,0,0,0,0,0,0,0,0,0,0,0,,,,
1416387914.898,pg_catalog,pg_ts_config,0,0,0,0,0,0,0,0,0,0,0,0,0,0,,,,
1416387914.898,pg_catalog,pg_shdescription,0,0,0,0,0,0,0,0,0,0,0,0,0,0,0,0,0,0
1416387914.898,pg_catalog,pg_cast,0,0,683011,162452,0,0,0,0,0,0,913,161539,562,702006,,,,
1416387914.898,pg_catalog,pg_amop,0,0,183942,267572,0,0,0,0,0,0,1344,266228,2949,389071,,,,
1416387914.898,public,orders,96,450270000,18037926,32303693,15075000,0,60000,0,15015000,60000,5675314,22503591,294586,54634813,,,,
1416387914.898,pg_catalog,pg_user_mapping,0,0,0,0,0,0,0,0,0,0,0,0,0,0,,,,
1416387914.898,pg_toast,pg_toast_12315,0,0,0,0,0,0,0,0,0,0,0,0,0,0,,,,
1416387914.898,pg_catalog,pg_type,0,0,482603,477854,1259,0,1259,0,360,16,3201,480299,4645,991889,,,,
1416387914.898,pg_catalog,pg_largeobject,0,0,0,0,0,0,0,0,0,0,0,0,0,0,,,,
1416387914.898,information_schema,sql_parts,0,0,,,0,0,0,0,0,0,0,0,,,0,0,0,0
1416387914.898,pg_catalog,pg_ts_config_map,0,0,0,0,0,0,0,0,0,0,0,0,0,0,,,,
1416387914.898,pg_catalog,pg_largeobject_metadata,0,0,0,0,0,0,0,0,0,0,0,0,0,0,,,,
1416387914.898,pg_catalog,pg_am,21235,21235,0,0,0,0,0,0,0,0,297,20938,0,0,,,,
1416387914.898,pg_catalog,pg_ts_template,0,0,0,0,0,0,0,0,0,0,0,0,0,0,,,,
1416387914.898,pg_catalog,pg_foreign_server,0,0,0,0,0,0,0,0,0,0,0,0,0,0,,,,
1416387914.898,pg_catalog,pg_namespace,890,75468,114749,94617,2,0,0,0,2,0,482,95918,1377,135070,,,,
1416387914.898,pg_toast,pg_toast_2619,0,0,85412,285561,3348,0,3110,0,261,22,27452,112213,1189,130034,,,,
1416387914.898,pg_catalog,pg_authid,502,502,40561,40561,0,0,0,0,0,0,257,40806,1178,79944,,,,
1416387914.898,pg_catalog,pg_default_acl,0,0,2540,0,0,0,0,0,0,0,0,0,266,2274,,,,
1416387914.898,pg_catalog,pg_shdepend,0,0,3452,637,0,0,0,0,0,0,291,346,1107,3615,,,,
1416387914.898,pg_catalog,pg_constraint,0,0,176,88,88,0,88,0,10,48,48,494,88,884,0,0,0,0
1416387914.898,information_schema,sql_implementation_info,0,0,,,0,0,0,0,0,0,0,0,,,0,0,0,0
1416387914.898,pg_catalog,pg_index,3135,286959,228920,325348,480,0,480,0,143,76,2734,329106,1492,261857,,,,
1416387914.898,pg_catalog,pg_ts_dict,0,0,0,0,0,0,0,0,0,0,0,0,0,0,,,,
1416387914.898,pg_toast,pg_toast_2604,0,0,0,0,0,0,0,0,0,0,0,0,0,0,,,,
1416387914.898,pg_toast,pg_toast_12325,0,0,0,0,0,0,0,0,0,0,0,0,0,0,,,,
1416387914.898,information_schema,sql_sizing,0,0,,,0,0,0,0,0,0,0,0,,,0,0,0,0
1416387914.898,pg_catalog,pg_proc,0,0,180906,268257,0,0,0,0,0,0,15305,180268,7432,392960,0,0,0,0
1416387974.89965,pg_catalog,pg_attrdef,0,0,0,0,0,0,0,0,0,0,0,0,0,0,0,0,0,0
1416387974.89965,pg_catalog,pg_db_role_setting,0,0,85864,0,0,0,0,0,0,0,0,0,257,85607,0,0,0,0
1416387974.89965,public,region,32401,161760,136,136,5,0,0,0,5,0,15,32475,34,154,,,,
1416387974.89965,pg_catalog,pg_rowsecurity,0,0,0,0,0,0,0,0,0,0,0,0,0,0,,,,
1416387974.89965,pg_catalog,pg_description,0,0,2831,0,0,0,0,0,0,0,0,0,791,5510,0,0,0,0
1416387974.89965,pg_catalog,pg_foreign_data_wrapper,0,0,0,0,0,0,0,0,0,0,0,0,0,0,,,,
1416387974.89965,pg_catalog,pg_conversion,0,0,0,0,0,0,0,0,0,0,0,0,0,0,,,,
1416387974.89965,pg_catalog,pg_class,6531,1410809,510136,466223,1120,356,1120,345,337,24,6437,535684,4563,1066878,,,,
1416387974.89965,pg_catalog,pg_opfamily,0,0,0,0,0,0,0,0,0,0,0,0,0,0,,,,
1416387974.89965,pg_catalog,pg_auth_members,0,0,0,0,0,0,0,0,0,0,0,0,0,0,,,,
1416387974.89965,pg_catalog,pg_operator,0,0,158000,826836,0,0,0,0,0,0,4322,572202,3821,342494,,,,
1416387974.89965,pg_toast,pg_toast_12345,0,0,0,0,0,0,0,0,0,0,0,0,0,0,,,,
1416387974.89965,pg_catalog,pg_attribute,1738,11850,418829,943678,4054,110,4054,110,2514,345,16030,464303,3788,874868,,,,
1416387974.89965,public,lineitem,82,2280536141,24709568,569585010,60345378,0,299552,0,60045820,299552,51700145,130624781,5796274,103435883,,,,
1416387974.89965,pg_catalog,pg_tablespace,0,0,14613,14613,0,0,0,0,0,0,418,14195,869,28423,,,,
1416387974.89965,pg_catalog,pg_statistic,0,0,115637,111226,899,2546,899,2409,467,142,11481,107313,1325,247031,27696,112515,1198,130836
1416387974.89965,pg_catalog,pg_aggregate,0,0,11012,11012,0,0,0,0,0,0,800,10212,1820,17374,,,,
1416387974.89965,pg_catalog,pg_inherits,0,0,639,0,0,0,0,0,0,0,0,0,275,364,,,,
1416387974.89965,pg_catalog,pg_enum,0,0,0,0,0,0,0,0,0,0,0,0,0,0,,,,
1416387974.89965,pg_toast,pg_toast_2396,0,0,0,0,0,0,0,0,0,0,0,0,0,0,,,,
1416387974.89965,public,time_statistics,151,14241,,,174,151,0,147,174,33,59,601,,,,,,
1416387974.89965,pg_catalog,pg_pltemplate,0,0,0,0,0,0,0,0,0,0,0,0,0,0,,,,
1416387974.89965,pg_toast,pg_toast_2618,0,0,2131,6806,0,0,0,0,0,0,1250,1360,369,3067,,,,
1416387974.89965,pg_toast,pg_toast_3596,0,0,0,0,0,0,0,0,0,0,0,0,0,0,,,,
1416387974.89965,pg_toast,pg_toast_2606,0,0,0,0,0,0,0,0,0,0,0,0,0,0,,,,
1416387974.89965,pg_toast,pg_toast_2964,0,0,0,0,0,0,0,0,0,0,0,0,0,0,,,,
1416387974.89965,pg_toast,pg_toast_12330,0,0,0,0,0,0,0,0,0,0,0,0,0,0,,,,
1416387974.89965,pg_catalog,pg_database,1586,6074,69815,69815,0,0,0,0,0,0,185,71216,1145,111557,,,,
1416387974.89965,information_schema,sql_sizing_profiles,0,0,,,0,0,0,0,0,0,0,0,,,0,0,0,0
1416387974.89965,pg_toast,pg_toast_2620,0,0,0,0,0,0,0,0,0,0,0,0,0,0,,,,
1416387974.89965,pg_catalog,pg_depend,0,0,26558,28604,4886,0,4886,0,6685,870,4772,34151,6749,69047,,,,
1416387974.89965,pg_catalog,pg_language,0,0,0,0,0,0,0,0,0,0,0,0,0,0,,,,
1416387974.89965,pg_toast,pg_toast_12320,0,0,0,0,0,0,0,0,0,0,0,0,0,0,,,,
1416387974.89965,pg_catalog,pg_amproc,316,632,90000,141738,0,0,0,0,0,0,437,88531,800,200078,,,,
1416387974.89965,public,part,38,32000000,587,11870982,2000000,0,0,0,2000000,0,881389,567149,41580,6207,,,,
1416387974.89965,pg_catalog,pg_collation,0,0,0,0,0,0,0,0,0,0,0,0,0,0,,,,
1416387974.89965,public,customer,71,40500000,647,9709815,1500000,0,0,0,1500000,0,1048225,2760402,28536,2275,,,,
1416387974.89965,public,nation,189,1700,130042,130186,25,0,0,0,25,0,17,130095,54,130138,,,,
1416387974.89965,pg_catalog,pg_range,0,0,4884,0,0,0,0,0,0,0,0,0,1928,7840,,,,
1416387974.89965,pg_toast,pg_toast_2609,0,0,0,0,0,0,0,0,0,0,0,0,0,0,,,,
1416387974.89965,pg_catalog,pg_opclass,316,316,124142,1397088,0,0,0,0,0,0,967,554299,1955,151761,,,,
1416387974.89965,information_schema,sql_packages,0,0,,,0,0,0,0,0,0,0,0,,,0,0,0,0
1416387974.89965,public,partsupp,35,104000000,276084,12941412,8000000,0,0,0,8000000,0,3195080,12406260,188945,676208,,,,
1416387974.89965,pg_catalog,pg_rewrite,0,0,5093,4025,356,0,356,0,110,26,2562,4497,1171,7517,1250,1360,738,6134
1416387974.89965,pg_toast,pg_toast_1255,0,0,0,0,0,0,0,0,0,0,0,0,0,0,,,,
1416387974.89965,pg_catalog,pg_seclabel,0,0,2831,0,0,0,0,0,0,0,0,0,258,2573,0,0,0,0
1416387974.89965,pg_toast,pg_toast_12335,0,0,0,0,0,0,0,0,0,0,0,0,0,0,,,,
1416387974.89965,pg_catalog,pg_ts_parser,0,0,0,0,0,0,0,0,0,0,0,0,0,0,,,,
1416387974.89965,pg_catalog,pg_trigger,0,0,0,0,0,0,0,0,0,0,0,0,0,0,0,0,0,0
1416387974.89965,pg_toast,pg_toast_12340,0,0,0,0,0,0,0,0,0,0,0,0,0,0,,,,
1416387974.89965,pg_catalog,pg_shseclabel,0,0,0,0,0,0,0,0,0,0,0,0,0,0,,,,
1416387974.89965,pg_catalog,pg_event_trigger,0,0,1057,0,0,0,0,0,0,0,0,0,295,762,,,,
1416387974.89965,information_schema,sql_features,0,0,,,0,0,0,0,0,0,0,0,,,0,0,0,0
1416387974.89965,information_schema,sql_languages,0,0,,,0,0,0,0,0,0,0,0,,,0,0,0,0
1416387974.89965,pg_catalog,pg_foreign_table,0,0,0,0,0,0,0,0,0,0,0,0,0,0,,,,
1416387974.89965,public,supplier,59,2100000,16635777,17186750,100000,0,0,0,100000,0,19388,16727102,1885,33360684,,,,
1416387974.89965,pg_catalog,pg_extension,0,0,0,0,0,0,0,0,0,0,0,0,0,0,,,,
1416387974.89965,pg_catalog,pg_ts_config,0,0,0,0,0,0,0,0,0,0,0,0,0,0,,,,
1416387974.89965,pg_catalog,pg_shdescription,0,0,0,0,0,0,0,0,0,0,0,0,0,0,0,0,0,0
1416387974.89965,pg_catalog,pg_cast,0,0,687197,163309,0,0,0,0,0,0,916,162393,562,706313,,,,
1416387974.89965,pg_catalog,pg_amop,0,0,184787,268871,0,0,0,0,0,0,1345,267526,2967,390866,,,,
1416387974.89965,public,orders,110,660390000,28634932,45754279,15090000,0,75000,0,15015000,75000,8729408,33783124,312558,86610623,,,,
1416387974.89965,pg_catalog,pg_user_mapping,0,0,0,0,0,0,0,0,0,0,0,0,0,0,,,,
1416387974.89965,pg_toast,pg_toast_12315,0,0,0,0,0,0,0,0,0,0,0,0,0,0,,,,
1416387974.89965,pg_catalog,pg_type,0,0,485659,480883,1267,0,1267,0,360,24,3224,483333,4684,998142,,,,
1416387974.89965,pg_catalog,pg_largeobject,0,0,0,0,0,0,0,0,0,0,0,0,0,0,,,,
1416387974.89965,information_schema,sql_parts,0,0,,,0,0,0,0,0,0,0,0,,,0,0,0,0
1416387974.89965,pg_catalog,pg_ts_config_map,0,0,0,0,0,0,0,0,0,0,0,0,0,0,,,,
1416387974.89965,pg_catalog,pg_largeobject_metadata,0,0,0,0,0,0,0,0,0,0,0,0,0,0,,,,
1416387974.89965,pg_catalog,pg_am,21359,21359,0,0,0,0,0,0,0,0,297,21062,0,0,,,,
1416387974.89965,pg_catalog,pg_ts_template,0,0,0,0,0,0,0,0,0,0,0,0,0,0,,,,
1416387974.89965,pg_catalog,pg_foreign_server,0,0,0,0,0,0,0,0,0,0,0,0,0,0,,,,
1416387974.89965,pg_catalog,pg_namespace,892,75640,115245,94991,2,0,0,0,2,0,483,96295,1385,135686,,,,
1416387974.89965,pg_toast,pg_toast_2619,0,0,85793,286832,3352,0,3114,0,261,26,27696,112515,1198,130836,,,,
1416387974.89965,pg_catalog,pg_authid,503,503,40812,40812,0,0,0,0,0,0,257,41058,1178,80446,,,,
1416387974.89965,pg_catalog,pg_default_acl,0,0,2556,0,0,0,0,0,0,0,0,0,268,2288,,,,
1416387974.89965,pg_catalog,pg_shdepend,0,0,3472,641,0,0,0,0,0,0,295,346,1123,3627,,,,
1416387974.89965,pg_catalog,pg_constraint,0,0,176,88,88,0,88,0,10,48,48,494,88,884,0,0,0,0
1416387974.89965,information_schema,sql_implementation_info,0,0,,,0,0,0,0,0,0,0,0,,,0,0,0,0
1416387974.89965,pg_catalog,pg_index,3147,287681,229916,326750,481,0,481,0,143,2,2753,330529,1498,263023,,,,
1416387974.89965,pg_catalog,pg_ts_dict,0,0,0,0,0,0,0,0,0,0,0,0,0,0,,,,
1416387974.89965,pg_toast,pg_toast_2604,0,0,0,0,0,0,0,0,0,0,0,0,0,0,,,,
1416387974.89965,pg_toast,pg_toast_12325,0,0,0,0,0,0,0,0,0,0,0,0,0,0,,,,
1416387974.89965,information_schema,sql_sizing,0,0,,,0,0,0,0,0,0,0,0,,,0,0,0,0
1416387974.89965,pg_catalog,pg_proc,0,0,181824,269614,0,0,0,0,0,0,15438,181118,7477,394993,0,0,0,0
1416388034.90252,pg_catalog,pg_attrdef,0,0,0,0,0,0,0,0,0,0,0,0,0,0,0,0,0,0
1416388034.90252,pg_catalog,pg_db_role_setting,0,0,86180,0,0,0,0,0,0,0,0,0,258,85922,0,0,0,0
1416388034.90252,public,region,45111,225300,146,146,5,0,0,0,5,0,16,45192,40,161,,,,
1416388034.90252,pg_catalog,pg_rowsecurity,0,0,0,0,0,0,0,0,0,0,0,0,0,0,,,,
1416388034.90252,pg_catalog,pg_description,0,0,2839,0,0,0,0,0,0,0,0,0,797,5522,0,0,0,0
1416388034.90252,pg_catalog,pg_foreign_data_wrapper,0,0,0,0,0,0,0,0,0,0,0,0,0,0,,,,
1416388034.90252,pg_catalog,pg_conversion,0,0,0,0,0,0,0,0,0,0,0,0,0,0,,,,
1416388034.90252,pg_catalog,pg_class,6552,1413870,511629,467471,1124,356,1124,345,337,28,6465,537090,4590,1070023,,,,
1416388034.90252,pg_catalog,pg_opfamily,0,0,0,0,0,0,0,0,0,0,0,0,0,0,,,,
1416388034.90252,pg_catalog,pg_auth_members,0,0,0,0,0,0,0,0,0,0,0,0,0,0,,,,
1416388034.90252,pg_catalog,pg_operator,0,0,158406,829515,0,0,0,0,0,0,4350,573963,3842,343387,,,,
1416388034.90252,pg_toast,pg_toast_12345,0,0,0,0,0,0,0,0,0,0,0,0,0,0,,,,
1416388034.90252,pg_catalog,pg_attribute,1749,11925,420018,946511,4070,110,4070,110,2514,361,16128,465688,3808,877376,,,,
1416388034.90252,public,lineitem,87,2580764239,29674864,644818862,60405001,0,420092,0,59984903,420092,56841567,138912551,6938784,123814559,,,,
1416388034.90252,pg_catalog,pg_tablespace,0,0,14663,14663,0,0,0,0,0,0,421,14242,875,28517,,,,
1416388034.90252,pg_catalog,pg_statistic,0,0,115953,111534,901,2556,901,2418,468,42,11586,107641,1335,247715,27856,112677,1205,131292
1416388034.90252,pg_catalog,pg_aggregate,0,0,11037,11037,0,0,0,0,0,0,803,10234,1826,17413,,,,
1416388034.90252,pg_catalog,pg_inherits,0,0,641,0,0,0,0,0,0,0,0,0,277,364,,,,
1416388034.90252,pg_catalog,pg_enum,0,0,0,0,0,0,0,0,0,0,0,0,0,0,,,,
1416388034.90252,pg_toast,pg_toast_2396,0,0,0,0,0,0,0,0,0,0,0,0,0,0,,,,
1416388034.90252,public,time_statistics,175,18690,,,198,175,0,162,198,57,81,741,,,,,,
1416388034.90252,pg_catalog,pg_pltemplate,0,0,0,0,0,0,0,0,0,0,0,0,0,0,,,,
1416388034.90252,pg_toast,pg_toast_2618,0,0,2136,6822,0,0,0,0,0,0,1255,1361,371,3073,,,,
1416388034.90252,pg_toast,pg_toast_3596,0,0,0,0,0,0,0,0,0,0,0,0,0,0,,,,
1416388034.90252,pg_toast,pg_toast_2606,0,0,0,0,0,0,0,0,0,0,0,0,0,0,,,,
1416388034.90252,pg_toast,pg_toast_2964,0,0,0,0,0,0,0,0,0,0,0,0,0,0,,,,
1416388034.90252,pg_toast,pg_toast_12330,0,0,0,0,0,0,0,0,0,0,0,0,0,0,,,,
1416388034.90252,pg_catalog,pg_database,1589,6086,70070,70070,0,0,0,0,0,0,186,71473,1152,111963,,,,
1416388034.90252,information_schema,sql_sizing_profiles,0,0,,,0,0,0,0,0,0,0,0,,,0,0,0,0
1416388034.90252,pg_toast,pg_toast_2620,0,0,0,0,0,0,0,0,0,0,0,0,0,0,,,,
1416388034.90252,pg_catalog,pg_depend,0,0,26620,28652,4894,0,4894,0,6685,878,4845,34210,6780,69176,,,,
1416388034.90252,pg_catalog,pg_language,0,0,0,0,0,0,0,0,0,0,0,0,0,0,,,,
1416388034.90252,pg_toast,pg_toast_12320,0,0,0,0,0,0,0,0,0,0,0,0,0,0,,,,
1416388034.90252,pg_catalog,pg_amproc,318,636,90297,142191,0,0,0,0,0,0,440,88821,804,200746,,,,
1416388034.90252,public,part,40,36000000,622,15894743,2000000,0,0,0,2000000,0,1021695,611058,53899,6815,,,,
1416388034.90252,pg_catalog,pg_collation,0,0,0,0,0,0,0,0,0,0,0,0,0,0,,,,
1416388034.90252,public,customer,79,52500000,703,10882978,1500000,0,0,0,1500000,0,1180892,3161026,32164,2406,,,,
1416388034.90252,public,nation,200,1975,180906,181050,25,0,0,0,25,0,19,180968,62,181002,,,,
1416388034.90252,pg_catalog,pg_range,0,0,4909,0,0,0,0,0,0,0,0,0,1940,7878,,,,
1416388034.90252,pg_toast,pg_toast_2609,0,0,0,0,0,0,0,0,0,0,0,0,0,0,,,,
1416388034.90252,pg_catalog,pg_opclass,318,318,124519,1401221,0,0,0,0,0,0,970,555939,1963,152231,,,,
1416388034.90252,information_schema,sql_packages,0,0,,,0,0,0,0,0,0,0,0,,,0,0,0,0
1416388034.90252,public,partsupp,35,104000000,328687,16182176,8000000,0,0,0,8000000,0,3383265,15422199,227673,804319,,,,
1416388034.90252,pg_catalog,pg_rewrite,0,0,5100,4032,356,0,356,0,110,26,2567,4499,1173,7527,1255,1361,742,6146
1416388034.90252,pg_toast,pg_toast_1255,0,0,0,0,0,0,0,0,0,0,0,0,0,0,,,,
1416388034.90252,pg_catalog,pg_seclabel,0,0,2839,0,0,0,0,0,0,0,0,0,260,2579,0,0,0,0
1416388034.90252,pg_toast,pg_toast_12335,0,0,0,0,0,0,0,0,0,0,0,0,0,0,,,,
1416388034.90252,pg_catalog,pg_ts_parser,0,0,0,0,0,0,0,0,0,0,0,0,0,0,,,,
1416388034.90252,pg_catalog,pg_trigger,0,0,0,0,0,0,0,0,0,0,0,0,0,0,0,0,0,0
1416388034.90252,pg_toast,pg_toast_12340,0,0,0,0,0,0,0,0,0,0,0,0,0,0,,,,
1416388034.90252,pg_catalog,pg_shseclabel,0,0,0,0,0,0,0,0,0,0,0,0,0,0,,,,
1416388034.90252,pg_catalog,pg_event_trigger,0,0,1059,0,0,0,0,0,0,0,0,0,296,763,,,,
1416388034.90252,information_schema,sql_features,0,0,,,0,0,0,0,0,0,0,0,,,0,0,0,0
1416388034.90252,information_schema,sql_languages,0,0,,,0,0,0,0,0,0,0,0,,,0,0,0,0
1416388034.90252,pg_catalog,pg_foreign_table,0,0,0,0,0,0,0,0,0,0,0,0,0,0,,,,
1416388034.90252,public,supplier,65,2500000,16710870,17265766,100000,0,0,0,100000,0,19408,16812743,1909,33511331,,,,
1416388034.90252,pg_catalog,pg_extension,0,0,0,0,0,0,0,0,0,0,0,0,0,0,,,,
1416388034.90252,pg_catalog,pg_ts_config,0,0,0,0,0,0,0,0,0,0,0,0,0,0,,,,
1416388034.90252,pg_catalog,pg_shdescription,0,0,0,0,0,0,0,0,0,0,0,0,0,0,0,0,0,0
1416388034.90252,pg_catalog,pg_cast,0,0,689641,163831,0,0,0,0,0,0,922,162909,565,708829,,,,
1416388034.90252,pg_catalog,pg_amop,0,0,185318,269690,0,0,0,0,0,0,1354,268336,2980,391991,,,,
1416388034.90252,public,orders,120,810495000,30524304,49631080,15105000,0,105000,0,15000000,105000,9503687,38114492,323427,92421848,,,,
1416388034.90252,pg_catalog,pg_user_mapping,0,0,0,0,0,0,0,0,0,0,0,0,0,0,,,,
1416388034.90252,pg_toast,pg_toast_12315,0,0,0,0,0,0,0,0,0,0,0,0,0,0,,,,
1416388034.90252,pg_catalog,pg_type,0,0,487514,482720,1271,0,1271,0,360,28,3240,485168,4711,1001936,,,,
1416388034.90252,pg_catalog,pg_largeobject,0,0,0,0,0,0,0,0,0,0,0,0,0,0,,,,
1416388034.90252,information_schema,sql_parts,0,0,,,0,0,0,0,0,0,0,0,,,0,0,0,0
1416388034.90252,pg_catalog,pg_ts_config_map,0,0,0,0,0,0,0,0,0,0,0,0,0,0,,,,
1416388034.90252,pg_catalog,pg_largeobject_metadata,0,0,0,0,0,0,0,0,0,0,0,0,0,0,,,,
1416388034.90252,pg_catalog,pg_am,21439,21439,0,0,0,0,0,0,0,0,299,21140,0,0,,,,
1416388034.90252,pg_catalog,pg_ts_template,0,0,0,0,0,0,0,0,0,0,0,0,0,0,,,,
1416388034.90252,pg_catalog,pg_foreign_server,0,0,0,0,0,0,0,0,0,0,0,0,0,0,,,,
1416388034.90252,pg_catalog,pg_namespace,894,75812,115612,95281,2,0,0,0,2,0,485,96587,1394,136124,,,,
1416388034.90252,pg_toast,pg_toast_2619,0,0,86004,287565,3360,0,3122,0,261,34,27856,112677,1205,131292,,,,
1416388034.90252,pg_catalog,pg_authid,504,504,40967,40967,0,0,0,0,0,0,258,41213,1188,80746,,,,
1416388034.90252,pg_catalog,pg_default_acl,0,0,2564,0,0,0,0,0,0,0,0,0,269,2295,,,,
1416388034.90252,pg_catalog,pg_shdepend,0,0,3482,643,0,0,0,0,0,0,296,347,1129,3635,,,,
1416388034.90252,pg_catalog,pg_constraint,0,0,176,88,88,0,88,0,10,48,48,494,88,884,0,0,0,0
1416388034.90252,information_schema,sql_implementation_info,0,0,,,0,0,0,0,0,0,0,0,,,0,0,0,0
1416388034.90252,pg_catalog,pg_index,3159,288403,230555,327642,483,0,483,0,143,4,2768,331440,1507,263763,,,,
1416388034.90252,pg_catalog,pg_ts_dict,0,0,0,0,0,0,0,0,0,0,0,0,0,0,,,,
1416388034.90252,pg_toast,pg_toast_2604,0,0,0,0,0,0,0,0,0,0,0,0,0,0,,,,
1416388034.90252,pg_toast,pg_toast_12325,0,0,0,0,0,0,0,0,0,0,0,0,0,0,,,,
1416388034.90252,information_schema,sql_sizing,0,0,,,0,0,0,0,0,0,0,0,,,0,0,0,0
1416388034.90252,pg_catalog,pg_proc,0,0,182371,270350,0,0,0,0,0,0,15520,181622,7521,396194,0,0,0,0
1416388094.90559,pg_catalog,pg_attrdef,0,0,0,0,0,0,0,0,0,0,0,0,0,0,0,0,0,0
1416388094.90559,pg_catalog,pg_db_role_setting,0,0,86508,0,0,0,0,0,0,0,0,0,259,86249,0,0,0,0
1416388094.90559,public,region,51425,256865,154,154,5,0,0,0,5,0,18,51511,45,167,,,,
1416388094.90559,pg_catalog,pg_rowsecurity,0,0,0,0,0,0,0,0,0,0,0,0,0,0,,,,
1416388094.90559,pg_catalog,pg_description,0,0,2843,0,0,0,0,0,0,0,0,0,800,5528,0,0,0,0
1416388094.90559,pg_catalog,pg_foreign_data_wrapper,0,0,0,0,0,0,0,0,0,0,0,0,0,0,,,,
1416388094.90559,pg_catalog,pg_conversion,0,0,0,0,0,0,0,0,0,0,0,0,0,0,,,,
1416388094.90559,pg_catalog,pg_class,6563,1417257,513125,468714,1126,356,1126,345,337,30,6497,538454,4615,1073170,,,,
1416388094.90559,pg_catalog,pg_opfamily,0,0,0,0,0,0,0,0,0,0,0,0,0,0,,,,
1416388094.90559,pg_catalog,pg_auth_members,0,0,0,0,0,0,0,0,0,0,0,0,0,0,,,,
1416388094.90559,pg_catalog,pg_operator,0,0,158889,832839,0,0,0,0,0,0,4384,576172,3865,344442,,,,
1416388094.90559,pg_toast,pg_toast_12345,0,0,0,0,0,0,0,0,0,0,0,0,0,0,,,,
1416388094.90559,pg_catalog,pg_attribute,1749,11925,421231,949222,4078,110,4078,110,2514,369,16206,466945,3825,879903,,,,
1416388094.90559,public,lineitem,95,3061066320,32401710,726595939,60524319,0,480237,0,60044076,480237,66566669,175359964,7916609,136891679,,,,
1416388094.90559,pg_catalog,pg_tablespace,0,0,14715,14715,0,0,0,0,0,0,424,14291,881,28615,,,,
1416388094.90559,pg_catalog,pg_statistic,0,0,116315,111889,902,2556,902,2418,468,43,11638,107949,1344,248485,28015,112892,1213,131818
1416388094.90559,pg_catalog,pg_aggregate,0,0,11067,11067,0,0,0,0,0,0,806,10261,1835,17456,,,,
1416388094.90559,pg_catalog,pg_inherits,0,0,642,0,0,0,0,0,0,0,0,0,278,364,,,,
1416388094.90559,pg_catalog,pg_enum,0,0,0,0,0,0,0,0,0,0,0,0,0,0,,,,
1416388094.90559,pg_toast,pg_toast_2396,0,0,0,0,0,0,0,0,0,0,0,0,0,0,,,,
1416388094.90559,public,time_statistics,200,23939,,,223,200,0,186,223,53,107,867,,,,,,
1416388094.90559,pg_catalog,pg_pltemplate,0,0,0,0,0,0,0,0,0,0,0,0,0,0,,,,
1416388094.90559,pg_toast,pg_toast_2618,0,0,2141,6838,0,0,0,0,0,0,1260,1362,373,3079,,,,
1416388094.90559,pg_toast,pg_toast_3596,0,0,0,0,0,0,0,0,0,0,0,0,0,0,,,,
1416388094.90559,pg_toast,pg_toast_2606,0,0,0,0,0,0,0,0,0,0,0,0,0,0,,,,
1416388094.90559,pg_toast,pg_toast_2964,0,0,0,0,0,0,0,0,0,0,0,0,0,0,,,,
1416388094.90559,pg_toast,pg_toast_12330,0,0,0,0,0,0,0,0,0,0,0,0,0,0,,,,
1416388094.90559,pg_catalog,pg_database,1592,6098,70334,70334,0,0,0,0,0,0,187,71739,1162,112381,,,,
1416388094.90559,information_schema,sql_sizing_profiles,0,0,,,0,0,0,0,0,0,0,0,,,0,0,0,0
1416388094.90559,pg_toast,pg_toast_2620,0,0,0,0,0,0,0,0,0,0,0,0,0,0,,,,
1416388094.90559,pg_catalog,pg_depend,0,0,26651,28676,4898,0,4898,0,6685,882,4857,34237,6806,69237,,,,
1416388094.90559,pg_catalog,pg_language,0,0,0,0,0,0,0,0,0,0,0,0,0,0,,,,
1416388094.90559,pg_toast,pg_toast_12320,0,0,0,0,0,0,0,0,0,0,0,0,0,0,,,,
1416388094.90559,pg_catalog,pg_amproc,318,636,90606,142660,0,0,0,0,0,0,441,89118,809,201439,,,,
1416388094.90559,public,part,43,42000000,682,18281667,2000000,0,0,0,2000000,0,1184535,706369,61943,7479,,,,
1416388094.90559,pg_catalog,pg_collation,0,0,0,0,0,0,0,0,0,0,0,0,0,0,,,,
1416388094.90559,public,customer,84,60000000,762,12353764,1500000,0,0,0,1500000,0,1348978,3565487,36612,2527,,,,
1416388094.90559,public,nation,211,2250,206189,206357,25,0,0,0,25,0,21,206260,68,206289,,,,
1416388094.90559,pg_catalog,pg_range,0,0,4935,0,0,0,0,0,0,0,0,0,1954,7916,,,,
1416388094.90559,pg_toast,pg_toast_2609,0,0,0,0,0,0,0,0,0,0,0,0,0,0,,,,
1416388094.90559,pg_catalog,pg_opclass,318,318,124904,1405466,0,0,0,0,0,0,975,557639,1977,152706,,,,
1416388094.90559,information_schema,sql_packages,0,0,,,0,0,0,0,0,0,0,0,,,0,0,0,0
1416388094.90559,public,partsupp,38,128000000,398457,17983602,8000000,0,0,0,8000000,0,3983016,16993478,275632,971026,,,,
1416388094.90559,pg_catalog,pg_rewrite,0,0,5108,4040,356,0,356,0,110,26,2573,4501,1177,7537,1260,1362,746,6158
1416388094.90559,pg_toast,pg_toast_1255,0,0,0,0,0,0,0,0,0,0,0,0,0,0,,,,
1416388094.90559,pg_catalog,pg_seclabel,0,0,2843,0,0,0,0,0,0,0,0,0,261,2582,0,0,0,0
1416388094.90559,pg_toast,pg_toast_12335,0,0,0,0,0,0,0,0,0,0,0,0,0,0,,,,
1416388094.90559,pg_catalog,pg_ts_parser,0,0,0,0,0,0,0,0,0,0,0,0,0,0,,,,
1416388094.90559,pg_catalog,pg_trigger,0,0,0,0,0,0,0,0,0,0,0,0,0,0,0,0,0,0
1416388094.90559,pg_toast,pg_toast_12340,0,0,0,0,0,0,0,0,0,0,0,0,0,0,,,,
1416388094.90559,pg_catalog,pg_shseclabel,0,0,0,0,0,0,0,0,0,0,0,0,0,0,,,,
1416388094.90559,pg_catalog,pg_event_trigger,0,0,1060,0,0,0,0,0,0,0,0,0,297,763,,,,
1416388094.90559,information_schema,sql_features,0,0,,,0,0,0,0,0,0,0,0,,,0,0,0,0
1416388094.90559,information_schema,sql_languages,0,0,,,0,0,0,0,0,0,0,0,,,0,0,0,0
1416388094.90559,pg_catalog,pg_foreign_table,0,0,0,0,0,0,0,0,0,0,0,0,0,0,,,,
1416388094.90559,public,supplier,69,2800000,23304615,23867637,100000,0,0,0,100000,0,19437,23416726,1954,46735158,,,,
1416388094.90559,pg_catalog,pg_extension,0,0,0,0,0,0,0,0,0,0,0,0,0,0,,,,
1416388094.90559,pg_catalog,pg_ts_config,0,0,0,0,0,0,0,0,0,0,0,0,0,0,,,,
1416388094.90559,pg_catalog,pg_shdescription,0,0,0,0,0,0,0,0,0,0,0,0,0,0,0,0,0,0
1416388094.90559,pg_catalog,pg_cast,0,0,692299,164401,0,0,0,0,0,0,928,163473,569,711561,,,,
1416388094.90559,pg_catalog,pg_amop,0,0,185877,270544,0,0,0,0,0,0,1362,269182,2996,393172,,,,
1416388094.90559,public,orders,127,915570000,37478449,59718882,15135000,0,120000,0,15015000,120000,11435446,45367738,397334,113530616,,,,
1416388094.90559,pg_catalog,pg_user_mapping,0,0,0,0,0,0,0,0,0,0,0,0,0,0,,,,
1416388094.90559,pg_toast,pg_toast_12315,0,0,0,0,0,0,0,0,0,0,0,0,0,0,,,,
1416388094.90559,pg_catalog,pg_type,0,0,489577,484775,1273,0,1273,0,360,30,3253,487217,4735,1006145,,,,
1416388094.90559,pg_catalog,pg_largeobject,0,0,0,0,0,0,0,0,0,0,0,0,0,0,,,,
1416388094.90559,information_schema,sql_parts,0,0,,,0,0,0,0,0,0,0,0,,,0,0,0,0
1416388094.90559,pg_catalog,pg_ts_config_map,0,0,0,0,0,0,0,0,0,0,0,0,0,0,,,,
1416388094.90559,pg_catalog,pg_largeobject_metadata,0,0,0,0,0,0,0,0,0,0,0,0,0,0,,,,
1416388094.90559,pg_catalog,pg_am,21520,21520,0,0,0,0,0,0,0,0,302,21218,0,0,,,,
1416388094.90559,pg_catalog,pg_ts_template,0,0,0,0,0,0,0,0,0,0,0,0,0,0,,,,
1416388094.90559,pg_catalog,pg_foreign_server,0,0,0,0,0,0,0,0,0,0,0,0,0,0,,,,
1416388094.90559,pg_catalog,pg_namespace,896,75984,115990,95578,2,0,0,0,2,0,487,96886,1400,136579,,,,
1416388094.90559,pg_toast,pg_toast_2619,0,0,86256,288441,3362,0,3124,0,261,36,28015,112892,1213,131818,,,,
1416388094.90559,pg_catalog,pg_authid,505,505,41127,41127,0,0,0,0,0,0,259,41373,1200,81054,,,,
1416388094.90559,pg_catalog,pg_default_acl,0,0,2568,0,0,0,0,0,0,0,0,0,270,2298,,,,
1416388094.90559,pg_catalog,pg_shdepend,0,0,3487,644,0,0,0,0,0,0,297,347,1133,3638,,,,
1416388094.90559,pg_catalog,pg_constraint,0,0,176,88,88,0,88,0,10,48,48,494,88,884,0,0,0,0
1416388094.90559,information_schema,sql_implementation_info,0,0,,,0,0,0,0,0,0,0,0,,,0,0,0,0
1416388094.90559,pg_catalog,pg_index,3164,289118,231200,328581,484,0,484,0,143,5,2780,332393,1516,264511,,,,
1416388094.90559,pg_catalog,pg_ts_dict,0,0,0,0,0,0,0,0,0,0,0,0,0,0,,,,
1416388094.90559,pg_toast,pg_toast_2604,0,0,0,0,0,0,0,0,0,0,0,0,0,0,,,,
1416388094.90559,pg_toast,pg_toast_12325,0,0,0,0,0,0,0,0,0,0,0,0,0,0,,,,
1416388094.90559,information_schema,sql_sizing,0,0,,,0,0,0,0,0,0,0,0,,,0,0,0,0
1416388094.90559,pg_catalog,pg_proc,0,0,182989,271216,0,0,0,0,0,0,15620,182185,7579,397531,0,0,0,0
1416388154.91058,pg_catalog,pg_attrdef,0,0,0,0,0,0,0,0,0,0,0,0,0,0,0,0,0,0
1416388154.91058,pg_catalog,pg_db_role_setting,0,0,86848,0,0,0,0,0,0,0,0,0,260,86588,0,0,0,0
1416388154.91058,public,region,64267,321065,166,166,5,0,0,0,5,0,20,64361,51,177,,,,
1416388154.91058,pg_catalog,pg_rowsecurity,0,0,0,0,0,0,0,0,0,0,0,0,0,0,,,,
1416388154.91058,pg_catalog,pg_description,0,0,2851,0,0,0,0,0,0,0,0,0,806,5540,0,0,0,0
1416388154.91058,pg_catalog,pg_foreign_data_wrapper,0,0,0,0,0,0,0,0,0,0,0,0,0,0,,,,
1416388154.91058,pg_catalog,pg_conversion,0,0,0,0,0,0,0,0,0,0,0,0,0,0,,,,
1416388154.91058,pg_catalog,pg_class,6572,1419970,514606,469940,1129,357,1129,346,337,34,6553,539758,4641,1076297,,,,
1416388154.91058,pg_catalog,pg_opfamily,0,0,0,0,0,0,0,0,0,0,0,0,0,0,,,,
1416388154.91058,pg_catalog,pg_auth_members,0,0,0,0,0,0,0,0,0,0,0,0,0,0,,,,
1416388154.91058,pg_catalog,pg_operator,0,0,159362,835855,0,0,0,0,0,0,4425,578160,3903,345460,,,,
1416388154.91058,pg_toast,pg_toast_12345,0,0,0,0,0,0,0,0,0,0,0,0,0,0,,,,
1416388154.91058,pg_catalog,pg_attribute,1749,11925,422429,951863,4088,110,4088,110,2514,379,16337,468144,3847,882410,,,,
1416388154.91058,public,lineitem,99,3301244394,36489098,835725638,60584573,0,540397,0,60044170,540397,73684608,198176515,9050207,153896952,,,,
1416388154.91058,pg_catalog,pg_tablespace,0,0,14770,14770,0,0,0,0,0,0,430,14340,893,28713,,,,
1416388154.91058,pg_catalog,pg_statistic,0,0,116678,112244,903,2559,903,2420,468,45,11713,108242,1351,249263,28238,113038,1226,132319
1416388154.91058,pg_catalog,pg_aggregate,0,0,11106,11106,0,0,0,0,0,0,817,10289,1859,17495,,,,
1416388154.91058,pg_catalog,pg_inherits,0,0,644,0,0,0,0,0,0,0,0,0,280,364,,,,
1416388154.91058,pg_catalog,pg_enum,0,0,0,0,0,0,0,0,0,0,0,0,0,0,,,,
1416388154.91058,pg_toast,pg_toast_2396,0,0,0,0,0,0,0,0,0,0,0,0,0,0,,,,
1416388154.91058,public,time_statistics,226,30059,,,249,226,0,211,249,67,149,988,,,,,,
1416388154.91058,pg_catalog,pg_pltemplate,0,0,0,0,0,0,0,0,0,0,0,0,0,0,,,,
1416388154.91058,pg_toast,pg_toast_2618,0,0,2146,6854,0,0,0,0,0,0,1265,1363,375,3085,,,,
1416388154.91058,pg_toast,pg_toast_3596,0,0,0,0,0,0,0,0,0,0,0,0,0,0,,,,
1416388154.91058,pg_toast,pg_toast_2606,0,0,0,0,0,0,0,0,0,0,0,0,0,0,,,,
1416388154.91058,pg_toast,pg_toast_2964,0,0,0,0,0,0,0,0,0,0,0,0,0,0,,,,
1416388154.91058,pg_toast,pg_toast_12330,0,0,0,0,0,0,0,0,0,0,0,0,0,0,,,,
1416388154.91058,pg_catalog,pg_database,1595,6110,70605,70605,0,0,0,0,0,0,188,72012,1169,112815,,,,
1416388154.91058,information_schema,sql_sizing_profiles,0,0,,,0,0,0,0,0,0,0,0,,,0,0,0,0
1416388154.91058,pg_toast,pg_toast_2620,0,0,0,0,0,0,0,0,0,0,0,0,0,0,,,,
1416388154.91058,pg_catalog,pg_depend,0,0,26726,28752,4911,0,4911,0,6685,895,4876,34317,6843,69406,,,,
1416388154.91058,pg_catalog,pg_language,0,0,0,0,0,0,0,0,0,0,0,0,0,0,,,,
1416388154.91058,pg_toast,pg_toast_12320,0,0,0,0,0,0,0,0,0,0,0,0,0,0,,,,
1416388154.91058,pg_catalog,pg_amproc,318,636,90912,143125,0,0,0,0,0,0,442,89410,813,202132,,,,
1416388154.91058,public,part,44,44000000,732,22635207,2000000,0,0,0,2000000,0,1324457,758052,75241,8110,,,,
1416388154.91058,pg_catalog,pg_collation,0,0,0,0,0,0,0,0,0,0,0,0,0,0,,,,
1416388154.91058,public,customer,89,67500000,812,13525770,1500000,0,0,0,1500000,0,1560691,3891123,39929,2602,,,,
1416388154.91058,public,nation,222,2525,257589,257805,25,0,0,0,25,0,23,257669,79,257689,,,,
1416388154.91058,pg_catalog,pg_range,0,0,4961,0,0,0,0,0,0,0,0,0,1978,7944,,,,
1416388154.91058,pg_toast,pg_toast_2609,0,0,0,0,0,0,0,0,0,0,0,0,0,0,,,,
1416388154.91058,pg_catalog,pg_opclass,318,318,125290,1409717,0,0,0,0,0,0,982,559334,1996,153184,,,,
1416388154.91058,information_schema,sql_packages,0,0,,,0,0,0,0,0,0,0,0,,,0,0,0,0
1416388154.91058,public,partsupp,40,144000000,481130,21966996,8000000,0,0,0,8000000,0,4794636,20407566,334900,1171213,,,,
1416388154.91058,pg_catalog,pg_rewrite,0,0,5120,4049,357,0,357,0,110,27,2582,4507,1182,7552,1265,1363,750,6170
1416388154.91058,pg_toast,pg_toast_1255,0,0,0,0,0,0,0,0,0,0,0,0,0,0,,,,
1416388154.91058,pg_catalog,pg_seclabel,0,0,2851,0,0,0,0,0,0,0,0,0,263,2588,0,0,0,0
1416388154.91058,pg_toast,pg_toast_12335,0,0,0,0,0,0,0,0,0,0,0,0,0,0,,,,
1416388154.91058,pg_catalog,pg_ts_parser,0,0,0,0,0,0,0,0,0,0,0,0,0,0,,,,
1416388154.91058,pg_catalog,pg_trigger,0,0,0,0,0,0,0,0,0,0,0,0,0,0,0,0,0,0
1416388154.91058,pg_toast,pg_toast_12340,0,0,0,0,0,0,0,0,0,0,0,0,0,0,,,,
1416388154.91058,pg_catalog,pg_shseclabel,0,0,0,0,0,0,0,0,0,0,0,0,0,0,,,,
1416388154.91058,pg_catalog,pg_event_trigger,0,0,1062,0,0,0,0,0,0,0,0,0,298,764,,,,
1416388154.91058,information_schema,sql_features,0,0,,,0,0,0,0,0,0,0,0,,,0,0,0,0
1416388154.91058,information_schema,sql_languages,0,0,,,0,0,0,0,0,0,0,0,,,0,0,0,0
1416388154.91058,pg_catalog,pg_foreign_table,0,0,0,0,0,0,0,0,0,0,0,0,0,0,,,,
1416388154.91058,public,supplier,76,3300000,26631384,27282417,100000,0,0,0,100000,0,19437,26763600,2021,53407093,,,,
1416388154.91058,pg_catalog,pg_extension,0,0,0,0,0,0,0,0,0,0,0,0,0,0,,,,
1416388154.91058,pg_catalog,pg_ts_config,0,0,0,0,0,0,0,0,0,0,0,0,0,0,,,,
1416388154.91058,pg_catalog,pg_shdescription,0,0,0,0,0,0,0,0,0,0,0,0,0,0,0,0,0,0
1416388154.91058,pg_catalog,pg_cast,0,0,694767,164942,0,0,0,0,0,0,937,164005,572,714107,,,,
1416388154.91058,pg_catalog,pg_amop,0,0,186427,271391,0,0,0,0,0,0,1375,270016,3025,394325,,,,
1416388154.91058,public,orders,134,1020645000,42275976,70202339,15150000,0,135000,0,15015000,135000,13112065,51263051,421436,128077098,,,,
1416388154.91058,pg_catalog,pg_user_mapping,0,0,0,0,0,0,0,0,0,0,0,0,0,0,,,,
1416388154.91058,pg_toast,pg_toast_12315,0,0,0,0,0,0,0,0,0,0,0,0,0,0,,,,
1416388154.91058,pg_catalog,pg_type,0,0,491523,486704,1277,0,1277,0,360,34,3273,489140,4776,1010113,,,,
1416388154.91058,pg_catalog,pg_largeobject,0,0,0,0,0,0,0,0,0,0,0,0,0,0,,,,
1416388154.91058,information_schema,sql_parts,0,0,,,0,0,0,0,0,0,0,0,,,0,0,0,0
1416388154.91058,pg_catalog,pg_ts_config_map,0,0,0,0,0,0,0,0,0,0,0,0,0,0,,,,
1416388154.91058,pg_catalog,pg_largeobject_metadata,0,0,0,0,0,0,0,0,0,0,0,0,0,0,,,,
1416388154.91058,pg_catalog,pg_am,21606,21606,0,0,0,0,0,0,0,0,304,21302,0,0,,,,
1416388154.91058,pg_catalog,pg_ts_template,0,0,0,0,0,0,0,0,0,0,0,0,0,0,,,,
1416388154.91058,pg_catalog,pg_foreign_server,0,0,0,0,0,0,0,0,0,0,0,0,0,0,,,,
1416388154.91058,pg_catalog,pg_namespace,898,76156,116371,95877,2,0,0,0,2,0,489,97187,1409,137037,,,,
1416388154.91058,pg_toast,pg_toast_2619,0,0,86498,289319,3364,0,3126,0,261,38,28238,113038,1226,132319,,,,
1416388154.91058,pg_catalog,pg_authid,506,506,41294,41294,0,0,0,0,0,0,260,41540,1208,81380,,,,
1416388154.91058,pg_catalog,pg_default_acl,0,0,2576,0,0,0,0,0,0,0,0,0,271,2305,,,,
1416388154.91058,pg_catalog,pg_shdepend,0,0,3497,646,0,0,0,0,0,0,298,348,1139,3646,,,,
1416388154.91058,pg_catalog,pg_constraint,0,0,176,88,88,0,88,0,10,48,48,494,88,884,0,0,0,0
1416388154.91058,information_schema,sql_implementation_info,0,0,,,0,0,0,0,0,0,0,0,,,0,0,0,0
1416388154.91058,pg_catalog,pg_index,3169,289833,231825,329470,485,0,485,0,143,6,2811,333270,1534,265235,,,,
1416388154.91058,pg_catalog,pg_ts_dict,0,0,0,0,0,0,0,0,0,0,0,0,0,0,,,,
1416388154.91058,pg_toast,pg_toast_2604,0,0,0,0,0,0,0,0,0,0,0,0,0,0,,,,
1416388154.91058,pg_toast,pg_toast_12325,0,0,0,0,0,0,0,0,0,0,0,0,0,0,,,,
1416388154.91058,information_schema,sql_sizing,0,0,,,0,0,0,0,0,0,0,0,,,0,0,0,0
1416388154.91058,pg_catalog,pg_proc,0,0,183607,272096,0,0,0,0,0,0,15763,182692,7648,398860,0,0,0,0
1416388214.91213,pg_catalog,pg_attrdef,0,0,0,0,0,0,0,0,0,0,0,0,0,0,0,0,0,0
1416388214.91213,pg_catalog,pg_db_role_setting,0,0,87256,0,0,0,0,0,0,0,0,0,261,86995,0,0,0,0
1416388214.91213,public,region,70748,353465,170,170,5,0,0,0,5,0,21,70844,53,180,,,,
1416388214.91213,pg_catalog,pg_rowsecurity,0,0,0,0,0,0,0,0,0,0,0,0,0,0,,,,
1416388214.91213,pg_catalog,pg_description,0,0,2863,0,0,0,0,0,0,0,0,0,812,5561,0,0,0,0
1416388214.91213,pg_catalog,pg_foreign_data_wrapper,0,0,0,0,0,0,0,0,0,0,0,0,0,0,,,,
1416388214.91213,pg_catalog,pg_conversion,0,0,0,0,0,0,0,0,0,0,0,0,0,0,,,,
1416388214.91213,pg_catalog,pg_class,6582,1423020,516406,471447,1134,358,1134,347,337,40,6597,541376,4669,1080115,,,,
1416388214.91213,pg_catalog,pg_opfamily,0,0,0,0,0,0,0,0,0,0,0,0,0,0,,,,
1416388214.91213,pg_catalog,pg_auth_members,0,0,0,0,0,0,0,0,0,0,0,0,0,0,,,,
1416388214.91213,pg_catalog,pg_operator,0,0,159985,839951,0,0,0,0,0,0,4439,580915,3921,346832,,,,
1416388214.91213,pg_toast,pg_toast_12345,0,0,0,0,0,0,0,0,0,0,0,0,0,0,,,,
1416388214.91213,pg_catalog,pg_attribute,1749,11925,423883,955156,4106,110,4106,110,2514,397,16457,469654,3874,885473,,,,
1416388214.91213,public,lineitem,103,3541362002,41427051,949211754,60645061,0,660235,0,59984820,660235,83209606,236716694,10187917,174359271,,,,
1416388214.91213,pg_catalog,pg_tablespace,0,0,14838,14838,0,0,0,0,0,0,432,14406,897,28845,,,,
1416388214.91213,pg_catalog,pg_statistic,0,0,117103,112660,905,2559,905,2420,468,47,11791,108591,1357,250181,28473,113266,1237,132958
1416388214.91213,pg_catalog,pg_aggregate,0,0,11142,11142,0,0,0,0,0,0,824,10318,1876,17544,,,,
1416388214.91213,pg_catalog,pg_inherits,0,0,647,0,0,0,0,0,0,0,0,0,282,365,,,,
1416388214.91213,pg_catalog,pg_enum,0,0,0,0,0,0,0,0,0,0,0,0,0,0,,,,
1416388214.91213,pg_toast,pg_toast_2396,0,0,0,0,0,0,0,0,0,0,0,0,0,0,,,,
1416388214.91213,public,time_statistics,260,39077,,,281,260,0,244,281,66,181,1192,,,,,,
1416388214.91213,pg_catalog,pg_pltemplate,0,0,0,0,0,0,0,0,0,0,0,0,0,0,,,,
1416388214.91213,pg_toast,pg_toast_2618,0,0,2151,6870,0,0,0,0,0,0,1270,1364,377,3091,,,,
1416388214.91213,pg_toast,pg_toast_3596,0,0,0,0,0,0,0,0,0,0,0,0,0,0,,,,
1416388214.91213,pg_toast,pg_toast_2606,0,0,0,0,0,0,0,0,0,0,0,0,0,0,,,,
1416388214.91213,pg_toast,pg_toast_2964,0,0,0,0,0,0,0,0,0,0,0,0,0,0,,,,
1416388214.91213,pg_toast,pg_toast_12330,0,0,0,0,0,0,0,0,0,0,0,0,0,0,,,,
1416388214.91213,pg_catalog,pg_database,1598,6122,70929,70929,0,0,0,0,0,0,189,72338,1173,113339,,,,
1416388214.91213,information_schema,sql_sizing_profiles,0,0,,,0,0,0,0,0,0,0,0,,,0,0,0,0
1416388214.91213,pg_toast,pg_toast_2620,0,0,0,0,0,0,0,0,0,0,0,0,0,0,,,,
1416388214.91213,pg_catalog,pg_depend,0,0,26832,28852,4928,0,4928,0,6685,912,4915,34419,6909,69626,,,,
1416388214.91213,pg_catalog,pg_language,0,0,0,0,0,0,0,0,0,0,0,0,0,0,,,,
1416388214.91213,pg_toast,pg_toast_12320,0,0,0,0,0,0,0,0,0,0,0,0,0,0,,,,
1416388214.91213,pg_catalog,pg_amproc,318,636,91295,143708,0,0,0,0,0,0,443,89776,816,202999,,,,
1416388214.91213,public,part,48,52000000,831,25685601,2000000,0,0,0,2000000,0,1586802,892092,86464,9357,,,,
1416388214.91213,pg_catalog,pg_collation,0,0,0,0,0,0,0,0,0,0,0,0,0,0,,,,
1416388214.91213,public,customer,93,73500000,850,14699723,1500000,0,0,0,1500000,0,1790630,3943310,43879,2670,,,,
1416388214.91213,public,nation,236,2875,283543,283759,25,0,0,0,25,0,26,283634,92,283641,,,,
1416388214.91213,pg_catalog,pg_range,0,0,4995,0,0,0,0,0,0,0,0,0,1994,7996,,,,
1416388214.91213,pg_toast,pg_toast_2609,0,0,0,0,0,0,0,0,0,0,0,0,0,0,,,,
1416388214.91213,pg_catalog,pg_opclass,318,318,125756,1414658,0,0,0,0,0,0,985,561321,2008,153772,,,,
1416388214.91213,information_schema,sql_packages,0,0,,,0,0,0,0,0,0,0,0,,,0,0,0,0
1416388214.91213,public,partsupp,45,184000000,589303,25132642,8000000,0,0,0,8000000,0,5933346,23081249,408546,1431368,,,,
1416388214.91213,pg_catalog,pg_rewrite,0,0,5133,4059,358,0,358,0,110,28,2592,4513,1190,7566,1270,1364,754,6182
1416388214.91213,pg_toast,pg_toast_1255,0,0,0,0,0,0,0,0,0,0,0,0,0,0,,,,
1416388214.91213,pg_catalog,pg_seclabel,0,0,2863,0,0,0,0,0,0,0,0,0,265,2598,0,0,0,0
1416388214.91213,pg_toast,pg_toast_12335,0,0,0,0,0,0,0,0,0,0,0,0,0,0,,,,
1416388214.91213,pg_catalog,pg_ts_parser,0,0,0,0,0,0,0,0,0,0,0,0,0,0,,,,
1416388214.91213,pg_catalog,pg_trigger,0,0,0,0,0,0,0,0,0,0,0,0,0,0,0,0,0,0
1416388214.91213,pg_toast,pg_toast_12340,0,0,0,0,0,0,0,0,0,0,0,0,0,0,,,,
1416388214.91213,pg_catalog,pg_shseclabel,0,0,0,0,0,0,0,0,0,0,0,0,0,0,,,,
1416388214.91213,pg_catalog,pg_event_trigger,0,0,1065,0,0,0,0,0,0,0,0,0,301,764,,,,
1416388214.91213,information_schema,sql_features,0,0,,,0,0,0,0,0,0,0,0,,,0,0,0,0
1416388214.91213,information_schema,sql_languages,0,0,,,0,0,0,0,0,0,0,0,,,0,0,0,0
1416388214.91213,pg_catalog,pg_foreign_table,0,0,0,0,0,0,0,0,0,0,0,0,0,0,,,,
1416388214.91213,public,supplier,79,3500000,33174913,33941838,100000,0,0,0,100000,0,19437,33328397,2152,66530625,,,,
1416388214.91213,pg_catalog,pg_extension,0,0,0,0,0,0,0,0,0,0,0,0,0,0,,,,
1416388214.91213,pg_catalog,pg_ts_config,0,0,0,0,0,0,0,0,0,0,0,0,0,0,,,,
1416388214.91213,pg_catalog,pg_shdescription,0,0,0,0,0,0,0,0,0,0,0,0,0,0,0,0,0,0
1416388214.91213,pg_catalog,pg_cast,0,0,698031,165693,0,0,0,0,0,0,941,164752,574,717471,,,,
1416388214.91213,pg_catalog,pg_amop,0,0,187124,272465,0,0,0,0,0,0,1380,271085,3039,395809,,,,
1416388214.91213,public,orders,143,1155750000,50298259,79942491,15165000,0,165000,0,15000000,165000,15500552,59921474,436473,152313232,,,,
1416388214.91213,pg_catalog,pg_user_mapping,0,0,0,0,0,0,0,0,0,0,0,0,0,0,,,,
1416388214.91213,pg_toast,pg_toast_12315,0,0,0,0,0,0,0,0,0,0,0,0,0,0,,,,
1416388214.91213,pg_catalog,pg_type,0,0,494116,489272,1283,0,1283,0,360,40,3294,491708,4823,1015404,,,,
1416388214.91213,pg_catalog,pg_largeobject,0,0,0,0,0,0,0,0,0,0,0,0,0,0,,,,
1416388214.91213,information_schema,sql_parts,0,0,,,0,0,0,0,0,0,0,0,,,0,0,0,0
1416388214.91213,pg_catalog,pg_ts_config_map,0,0,0,0,0,0,0,0,0,0,0,0,0,0,,,,
1416388214.91213,pg_catalog,pg_largeobject_metadata,0,0,0,0,0,0,0,0,0,0,0,0,0,0,,,,
1416388214.91213,pg_catalog,pg_am,21712,21712,0,0,0,0,0,0,0,0,305,21407,0,0,,,,
1416388214.91213,pg_catalog,pg_ts_template,0,0,0,0,0,0,0,0,0,0,0,0,0,0,,,,
1416388214.91213,pg_catalog,pg_foreign_server,0,0,0,0,0,0,0,0,0,0,0,0,0,0,,,,
1416388214.91213,pg_catalog,pg_namespace,900,76328,116814,96216,2,0,0,0,2,0,491,97528,1415,137581,,,,
1416388214.91213,pg_toast,pg_toast_2619,0,0,86802,290381,3368,0,3130,0,261,42,28473,113266,1237,132958,,,,
1416388214.91213,pg_catalog,pg_authid,507,507,41494,41494,0,0,0,0,0,0,261,41740,1212,81776,,,,
1416388214.91213,pg_catalog,pg_default_acl,0,0,2588,0,0,0,0,0,0,0,0,0,274,2314,,,,
1416388214.91213,pg_catalog,pg_shdepend,0,0,3512,649,0,0,0,0,0,0,301,348,1149,3657,,,,
1416388214.91213,pg_catalog,pg_constraint,0,0,176,88,88,0,88,0,10,48,48,494,88,884,0,0,0,0
1416388214.91213,information_schema,sql_implementation_info,0,0,,,0,0,0,0,0,0,0,0,,,0,0,0,0
1416388214.91213,pg_catalog,pg_index,3174,290548,232619,330611,487,0,487,0,143,8,2830,334409,1545,266163,,,,
1416388214.91213,pg_catalog,pg_ts_dict,0,0,0,0,0,0,0,0,0,0,0,0,0,0,,,,
1416388214.91213,pg_toast,pg_toast_2604,0,0,0,0,0,0,0,0,0,0,0,0,0,0,,,,
1416388214.91213,pg_toast,pg_toast_12325,0,0,0,0,0,0,0,0,0,0,0,0,0,0,,,,
1416388214.91213,information_schema,sql_sizing,0,0,,,0,0,0,0,0,0,0,0,,,0,0,0,0
1416388214.91213,pg_catalog,pg_proc,0,0,184341,273090,0,0,0,0,0,0,15874,183353,7693,400488,0,0,0,0
